,date,0.0,1.0,2.0,3.0,4.0,5.0,6.0,7.0,8.0,9.0,10.0,11.0,12.0
0,2020-01-26,0.02001250370276274,0.02001250370276274,0.02001250370276274,0.02001250370276274,0.02001250370276274,0.02001250370276274,0.02001250370276274,0.02001250370276274,0.02001250370276274,0.02001250370276274,0.02001250370276274,0.02001250370276274,0.02001250370276274
1,2020-01-27,0.07252610837676332,0.07252610837676332,0.07252610837676332,0.07252610837676332,0.07252610837676332,0.07252610837676332,0.07252610837676332,0.07252610837676332,0.07252610837676332,0.07252610837676332,0.07252610837676332,0.07252610837676332,0.07252610837676332
2,2020-01-28,0.15196391967944917,0.15196391967944917,0.15196391967944917,0.15196391967944917,0.15196391967944917,0.15196391967944917,0.15196391967944917,0.15196391967944917,0.15196391967944917,0.15196391967944917,0.15196391967944917,0.15196391967944917,0.15196391967944917
3,2020-01-29,0.25715245608073534,0.25715245608073534,0.25715245608073534,0.25715245608073534,0.25715245608073534,0.25715245608073534,0.25715245608073534,0.25715245608073534,0.25715245608073534,0.25715245608073534,0.25715245608073534,0.25715245608073534,0.25715245608073534
4,2020-01-30,0.39056165426680944,0.39056165426680944,0.39056165426680944,0.39056165426680944,0.39056165426680944,0.39056165426680944,0.39056165426680944,0.39056165426680944,0.39056165426680944,0.39056165426680944,0.39056165426680944,0.39056165426680944,0.39056165426680944
5,2020-01-31,0.5566893395052009,0.5566893395052009,0.5566893395052009,0.5566893395052009,0.5566893395052009,0.5566893395052009,0.5566893395052009,0.5566893395052009,0.5566893395052009,0.5566893395052009,0.5566893395052009,0.5566893395052009,0.5566893395052009
6,2020-02-01,0.762145989364902,0.762145989364902,0.762145989364902,0.762145989364902,0.762145989364902,0.762145989364902,0.762145989364902,0.762145989364902,0.762145989364902,0.762145989364902,0.762145989364902,0.762145989364902,0.762145989364902
7,2020-02-02,1.014290660335761,1.014290660335761,1.014290660335761,1.014290660335761,1.014290660335761,1.014290660335761,1.014290660335761,1.014290660335761,1.014290660335761,1.014290660335761,1.014290660335761,1.014290660335761,1.014290660335761
8,2020-02-03,1.3225496479971375,1.3225496479971375,1.3225496479971375,1.3225496479971375,1.3225496479971375,1.3225496479971375,1.3225496479971375,1.3225496479971375,1.3225496479971375,1.3225496479971375,1.3225496479971375,1.3225496479971375,1.3225496479971375
9,2020-02-04,1.6975322999837228,1.6975322999837228,1.6975322999837228,1.6975322999837228,1.6975322999837228,1.6975322999837228,1.6975322999837228,1.6975322999837228,1.6975322999837228,1.6975322999837228,1.6975322999837228,1.6975322999837228,1.6975322999837228
10,2020-02-05,2.154211822839423,2.154211822839423,2.154211822839423,2.154211822839423,2.154211822839423,2.154211822839423,2.154211822839423,2.154211822839423,2.154211822839423,2.154211822839423,2.154211822839423,2.154211822839423,2.154211822839423
11,2020-02-06,2.70980876289254,2.70980876289254,2.70980876289254,2.70980876289254,2.70980876289254,2.70980876289254,2.70980876289254,2.70980876289254,2.70980876289254,2.70980876289254,2.70980876289254,2.70980876289254,2.70980876289254
12,2020-02-07,3.388048134184362,3.388048134184362,3.388048134184362,3.388048134184362,3.388048134184362,3.388048134184362,3.388048134184362,3.388048134184362,3.388048134184362,3.388048134184362,3.388048134184362,3.388048134184362,3.388048134184362
13,2020-02-08,4.21239008229357,4.21239008229357,4.21239008229357,4.21239008229357,4.21239008229357,4.21239008229357,4.21239008229357,4.21239008229357,4.21239008229357,4.21239008229357,4.21239008229357,4.21239008229357,4.21239008229357
14,2020-02-09,5.215121859463466,5.215121859463466,5.215121859463466,5.215121859463466,5.215121859463466,5.215121859463466,5.215121859463466,5.215121859463466,5.215121859463466,5.215121859463466,5.215121859463466,5.215121859463466,5.215121859463466
15,2020-02-10,6.435843613966788,6.435843613966788,6.435843613966788,6.435843613966788,6.435843613966788,6.435843613966788,6.435843613966788,6.435843613966788,6.435843613966788,6.435843613966788,6.435843613966788,6.435843613966788,6.435843613966788
16,2020-02-11,7.914703271616898,7.914703271616898,7.914703271616898,7.914703271616898,7.914703271616898,7.914703271616898,7.914703271616898,7.914703271616898,7.914703271616898,7.914703271616898,7.914703271616898,7.914703271616898,7.914703271616898
17,2020-02-12,9.712904180146593,9.712904180146593,9.712904180146593,9.712904180146593,9.712904180146593,9.712904180146593,9.712904180146593,9.712904180146593,9.712904180146593,9.712904180146593,9.712904180146593,9.712904180146593,9.712904180146593
18,2020-02-13,11.899762346980355,11.899762346980355,11.899762346980355,11.899762346980355,11.899762346980355,11.899762346980355,11.899762346980355,11.899762346980355,11.899762346980355,11.899762346980355,11.899762346980355,11.899762346980355,11.899762346980355
19,2020-02-14,14.556099757378599,14.556099757378599,14.556099757378599,14.556099757378599,14.556099757378599,14.556099757378599,14.556099757378599,14.556099757378599,14.556099757378599,14.556099757378599,14.556099757378599,14.556099757378599,14.556099757378599
20,2020-02-15,17.784375716497696,17.784375716497696,17.784375716497696,17.784375716497696,17.784375716497696,17.784375716497696,17.784375716497696,17.784375716497696,17.784375716497696,17.784375716497696,17.784375716497696,17.784375716497696,17.784375716497696
21,2020-02-16,21.7054792753811,21.7054792753811,21.7054792753811,21.7054792753811,21.7054792753811,21.7054792753811,21.7054792753811,21.7054792753811,21.7054792753811,21.7054792753811,21.7054792753811,21.7054792753811,21.7054792753811
22,2020-02-17,26.466254473366476,26.466254473366476,26.466254473366476,26.466254473366476,26.466254473366476,26.466254473366476,26.466254473366476,26.466254473366476,26.466254473366476,26.466254473366476,26.466254473366476,26.466254473366476,26.466254473366476
23,2020-02-18,32.24967476237083,32.24967476237083,32.24967476237083,32.24967476237083,32.24967476237083,32.24967476237083,32.24967476237083,32.24967476237083,32.24967476237083,32.24967476237083,32.24967476237083,32.24967476237083,32.24967476237083
24,2020-02-19,39.27704982807707,39.27704982807707,39.27704982807707,39.27704982807707,39.27704982807707,39.27704982807707,39.27704982807707,39.27704982807707,39.27704982807707,39.27704982807707,39.27704982807707,39.27704982807707,39.27704982807707
25,2020-02-20,47.815007517988775,47.815007517988775,47.815007517988775,47.815007517988775,47.815007517988775,47.815007517988775,47.815007517988775,47.815007517988775,47.815007517988775,47.815007517988775,47.815007517988775,47.815007517988775,47.815007517988775
26,2020-02-21,58.1887853999006,58.1887853999006,58.1887853999006,58.1887853999006,58.1887853999006,58.1887853999006,58.1887853999006,58.1887853999006,58.1887853999006,58.1887853999006,58.1887853999006,58.1887853999006,58.1887853999006
27,2020-02-22,70.78966040726647,70.78966040726647,70.78966040726647,70.78966040726647,70.78966040726647,70.78966040726647,70.78966040726647,70.78966040726647,70.78966040726647,70.78966040726647,70.78966040726647,70.78966040726647,70.78966040726647
28,2020-02-23,86.09743131139294,86.09743131139294,86.09743131139294,86.09743131139294,86.09743131139294,86.09743131139294,86.09743131139294,86.09743131139294,86.09743131139294,86.09743131139294,86.09743131139294,86.09743131139294,86.09743131139294
29,2020-02-24,104.6960112474801,104.6960112474801,104.6960112474801,104.6960112474801,104.6960112474801,104.6960112474801,104.6960112474801,104.6960112474801,104.6960112474801,104.6960112474801,104.6960112474801,104.6960112474801,104.6960112474801
30,2020-02-25,127.28498325130806,127.28498325130806,127.28498325130806,127.28498325130806,127.28498325130806,127.28498325130806,127.28498325130806,127.28498325130806,127.28498325130806,127.28498325130806,127.28498325130806,127.28498325130806,127.28498325130806
31,2020-02-26,154.72546313597695,154.72546313597695,154.72546313597695,154.72546313597695,154.72546313597695,154.72546313597695,154.72546313597695,154.72546313597695,154.72546313597695,154.72546313597695,154.72546313597695,154.72546313597695,154.72546313597695
32,2020-02-27,188.05975002748707,188.05975002748707,188.05975002748707,188.05975002748707,188.05975002748707,188.05975002748707,188.05975002748707,188.05975002748707,188.05975002748707,188.05975002748707,188.05975002748707,188.05975002748707,188.05975002748707
33,2020-02-28,228.5526154165256,228.5526154165256,228.5526154165256,228.5526154165256,228.5526154165256,228.5526154165256,228.5526154165256,228.5526154165256,228.5526154165256,228.5526154165256,228.5526154165256,228.5526154165256,228.5526154165256
34,2020-02-29,277.7398931080545,277.7398931080545,277.7398931080545,277.7398931080545,277.7398931080545,277.7398931080545,277.7398931080545,277.7398931080545,277.7398931080545,277.7398931080545,277.7398931080545,277.7398931080545,277.7398931080545
35,2020-03-01,337.487619351325,337.487619351325,337.487619351325,337.487619351325,337.487619351325,337.487619351325,337.487619351325,337.487619351325,337.487619351325,337.487619351325,337.487619351325,337.487619351325,337.487619351325
36,2020-03-02,410.06235295628863,410.06235295628863,410.06235295628863,410.06235295628863,410.06235295628863,410.06235295628863,410.06235295628863,410.06235295628863,410.06235295628863,410.06235295628863,410.06235295628863,410.06235295628863,410.06235295628863
37,2020-03-03,498.2118762216311,498.2118762216311,498.2118762216311,498.2118762216311,498.2118762216311,498.2118762216311,498.2118762216311,498.2118762216311,498.2118762216311,498.2118762216311,498.2118762216311,498.2118762216311,498.2118762216311
38,2020-03-04,605.2731323931118,605.2731323931118,605.2731323931118,605.2731323931118,605.2731323931118,605.2731323931118,605.2731323931118,605.2731323931118,605.2731323931118,605.2731323931118,605.2731323931118,605.2731323931118,605.2731323931118
39,2020-03-05,735.304550113747,735.304550113747,735.304550113747,735.304550113747,735.304550113747,735.304550113747,735.304550113747,735.304550113747,735.304550113747,735.304550113747,735.304550113747,735.304550113747,735.304550113747
40,2020-03-06,893.221553357661,893.221553357661,893.221553357661,893.221553357661,893.221553357661,893.221553357661,893.221553357661,893.221553357661,893.221553357661,893.221553357661,893.221553357661,893.221553357661,893.221553357661
41,2020-03-07,1084.9912389690815,1084.9912389690815,1084.9912389690815,1084.9912389690815,1084.9912389690815,1084.9912389690815,1084.9912389690815,1084.9912389690815,1084.9912389690815,1084.9912389690815,1084.9912389690815,1084.9912389690815,1084.9912389690815
42,2020-03-08,1317.851656058098,1317.851656058098,1317.851656058098,1317.851656058098,1317.851656058098,1317.851656058098,1317.851656058098,1317.851656058098,1317.851656058098,1317.851656058098,1317.851656058098,1317.851656058098,1317.851656058098
43,2020-03-09,1600.5786743503143,1600.5786743503143,1600.5786743503143,1600.5786743503143,1600.5786743503143,1600.5786743503143,1600.5786743503143,1600.5786743503143,1600.5786743503143,1600.5786743503143,1600.5786743503143,1600.5786743503143,1600.5786743503143
44,2020-03-10,1943.8073871061308,1943.8073871061308,1943.8073871061308,1943.8073871061308,1943.8073871061308,1943.8073871061308,1943.8073871061308,1943.8073871061308,1943.8073871061308,1943.8073871061308,1943.8073871061308,1943.8073871061308,1943.8073871061308
45,2020-03-11,2360.417933328911,2360.417933328911,2360.417933328911,2360.417933328911,2360.417933328911,2360.417933328911,2360.417933328911,2360.417933328911,2360.417933328911,2360.417933328911,2360.417933328911,2360.417933328911,2360.417933328911
46,2020-03-12,2866.0132788458022,2866.0132788458022,2866.0132788458022,2866.0132788458022,2866.0132788458022,2866.0132788458022,2866.0132788458022,2866.0132788458022,2866.0132788458022,2866.0132788458022,2866.0132788458022,2866.0132788458022,2866.0132788458022
47,2020-03-13,3479.4735597252647,3479.4735597252647,3479.4735597252647,3479.4735597252647,3479.4735597252647,3479.4735597252647,3479.4735597252647,3479.4735597252647,3479.4735597252647,3479.4735597252647,3479.4735597252647,3479.4735597252647,3479.4735597252647
48,2020-03-14,4223.6081591761895,4223.6081591761895,4223.6081591761895,4223.6081591761895,4223.6081591761895,4223.6081591761895,4223.6081591761895,4223.6081591761895,4223.6081591761895,4223.6081591761895,4223.6081591761895,4223.6081591761895,4223.6081591761895
49,2020-03-15,5125.9630977651395,5125.9630977651395,5125.9630977651395,5125.9630977651395,5125.9630977651395,5125.9630977651395,5125.9630977651395,5125.9630977651395,5125.9630977651395,5125.9630977651395,5125.9630977651395,5125.9630977651395,5125.9630977651395
50,2020-03-16,6219.756155101567,6219.756155101567,6219.756155101567,6219.756155101567,6219.756155101567,6219.756155101567,6219.756155101567,6219.756155101567,6219.756155101567,6219.756155101567,6219.756155101567,6219.756155101567,6219.756155101567
51,2020-03-17,7544.98704734102,7544.98704734102,7544.98704734102,7544.98704734102,7544.98704734102,7544.98704734102,7544.98704734102,7544.98704734102,7544.98704734102,7544.98704734102,7544.98704734102,7544.98704734102,7544.98704734102
52,2020-03-18,9148.501819556772,9148.501819556772,9148.501819556772,9148.501819556772,9148.501819556772,9148.501819556772,9148.501819556772,9148.501819556772,9148.501819556772,9148.501819556772,9148.501819556772,9148.501819556772,9148.501819556772
53,2020-03-19,11073.798520244234,11073.798520244234,11073.798520244234,11073.798520244234,11073.798520244234,11073.798520244234,11073.798520244234,11073.798520244234,11073.798520244234,11073.798520244234,11073.798520244234,11073.798520244234,11073.798520244234
54,2020-03-20,13355.416221780244,13355.416221780244,13355.416221780244,13355.416221780244,13355.416221780244,13355.416221780244,13355.416221780244,13355.416221780244,13355.416221780244,13355.416221780244,13355.416221780244,13355.416221780244,13355.416221780244
55,2020-03-21,16024.562867446391,16024.562867446391,16024.562867446391,16024.562867446391,16024.562867446391,16024.562867446391,16024.562867446391,16024.562867446391,16024.562867446391,16024.562867446391,16024.562867446391,16024.562867446391,16024.562867446391
56,2020-03-22,19112.869869165515,19112.869869165515,19112.869869165515,19112.869869165515,19112.869869165515,19112.869869165515,19112.869869165515,19112.869869165515,19112.869869165515,19112.869869165515,19112.869869165515,19112.869869165515,19112.869869165515
57,2020-03-23,22654.38957944835,22654.38957944835,22654.38957944835,22654.38957944835,22654.38957944835,22654.38957944835,22654.38957944835,22654.38957944835,22654.38957944835,22654.38957944835,22654.38957944835,22654.38957944835,22654.38957944835
58,2020-03-24,26686.678872320044,26686.678872320044,26686.678872320044,26686.678872320044,26686.678872320044,26686.678872320044,26686.678872320044,26686.678872320044,26686.678872320044,26686.678872320044,26686.678872320044,26686.678872320044,26686.678872320044
59,2020-03-25,31247.282815899667,31247.282815899667,31247.282815899667,31247.282815899667,31247.282815899667,31247.282815899667,31247.282815899667,31247.282815899667,31247.282815899667,31247.282815899667,31247.282815899667,31247.282815899667,31247.282815899667
60,2020-03-26,36335.75905941963,36335.75905941963,36335.75905941963,36335.75905941963,36335.75905941963,36335.75905941963,36335.75905941963,36335.75905941963,36335.75905941963,36335.75905941963,36335.75905941963,36335.75905941963,36335.75905941963
61,2020-03-27,41898.041010543966,41898.041010543966,41898.041010543966,41898.041010543966,41898.041010543966,41898.041010543966,41898.041010543966,41898.041010543966,41898.041010543966,41898.041010543966,41898.041010543966,41898.041010543966,41898.041010543966
62,2020-03-28,47852.42665037846,47852.42665037846,47852.42665037846,47852.42665037846,47852.42665037846,47852.42665037846,47852.42665037846,47852.42665037846,47852.42665037846,47852.42665037846,47852.42665037846,47852.42665037846,47852.42665037846
63,2020-03-29,54107.88259224342,54107.88259224342,54107.88259224342,54107.88259224342,54107.88259224342,54107.88259224342,54107.88259224342,54107.88259224342,54107.88259224342,54107.88259224342,54107.88259224342,54107.88259224342,54107.88259224342
64,2020-03-30,60574.41916827918,60574.41916827918,60574.41916827918,60574.41916827918,60574.41916827918,60574.41916827918,60574.41916827918,60574.41916827918,60574.41916827918,60574.41916827918,60574.41916827918,60574.41916827918,60574.41916827918
65,2020-03-31,67168.63364890075,67168.63364890075,67168.63364890075,67168.63364890075,67168.63364890075,67168.63364890075,67168.63364890075,67168.63364890075,67168.63364890075,67168.63364890075,67168.63364890075,67168.63364890075,67168.63364890075
66,2020-04-01,73816.3345094675,73816.3345094675,73816.3345094675,73816.3345094675,73816.3345094675,73816.3345094675,73816.3345094675,73816.3345094675,73816.3345094675,73816.3345094675,73816.3345094675,73816.3345094675,73816.3345094675
67,2020-04-02,80453.44315557246,80453.44315557246,80453.44315557246,80453.44315557246,80453.44315557246,80453.44315557246,80453.44315557246,80453.44315557246,80453.44315557246,80453.44315557246,80453.44315557246,80453.44315557246,80453.44315557246
68,2020-04-03,87025.90783851754,87025.90783851754,87025.90783851754,87025.90783851754,87025.90783851754,87025.90783851754,87025.90783851754,87025.90783851754,87025.90783851754,87025.90783851754,87025.90783851754,87025.90783851754,87025.90783851754
69,2020-04-04,93489.0928758605,93489.0928758605,93489.0928758605,93489.0928758605,93489.0928758605,93489.0928758605,93489.0928758605,93489.0928758605,93489.0928758605,93489.0928758605,93489.0928758605,93489.0928758605,93489.0928758605
70,2020-04-05,99806.89821374035,99806.89821374035,99806.89821374035,99806.89821374035,99806.89821374035,99806.89821374035,99806.89821374035,99806.89821374035,99806.89821374035,99806.89821374035,99806.89821374035,99806.89821374035,99806.89821374035
71,2020-04-06,105950.79866749707,105950.79866749707,105950.79866749707,105950.79866749707,105950.79866749707,105950.79866749707,105950.79866749707,105950.79866749707,105950.79866749707,105950.79866749707,105950.79866749707,105950.79866749707,105950.79866749707
72,2020-04-07,111898.8580138039,111898.8580138039,111898.8580138039,111898.8580138039,111898.8580138039,111898.8580138039,111898.8580138039,111898.8580138039,111898.8580138039,111898.8580138039,111898.8580138039,111898.8580138039,111898.8580138039
73,2020-04-08,117634.82689240108,117634.82689240108,117634.82689240108,117634.82689240108,117634.82689240108,117634.82689240108,117634.82689240108,117634.82689240108,117634.82689240108,117634.82689240108,117634.82689240108,117634.82689240108,117634.82689240108
74,2020-04-09,123147.23007565917,123147.23007565917,123147.23007565917,123147.23007565917,123147.23007565917,123147.23007565917,123147.23007565917,123147.23007565917,123147.23007565917,123147.23007565917,123147.23007565917,123147.23007565917,123147.23007565917
75,2020-04-10,128428.63922759389,128428.63922759389,128428.63922759389,128428.63922759389,128428.63922759389,128428.63922759389,128428.63922759389,128428.63922759389,128428.63922759389,128428.63922759389,128428.63922759389,128428.63922759389,128428.63922759389
76,2020-04-11,133475.17854050858,133475.17854050858,133475.17854050858,133475.17854050858,133475.17854050858,133475.17854050858,133475.17854050858,133475.17854050858,133475.17854050858,133475.17854050858,133475.17854050858,133475.17854050858,133475.17854050858
77,2020-04-12,138285.77033542658,138285.77033542658,138285.77033542658,138285.77033542658,138285.77033542658,138285.77033542658,138285.77033542658,138285.77033542658,138285.77033542658,138285.77033542658,138285.77033542658,138285.77033542658,138285.77033542658
78,2020-04-13,142861.64345699365,142861.64345699365,142861.64345699365,142861.64345699365,142861.64345699365,142861.64345699365,142861.64345699365,142861.64345699365,142861.64345699365,142861.64345699365,142861.64345699365,142861.64345699365,142861.64345699365
79,2020-04-14,147205.92352591536,147205.92352591536,147205.92352591536,147205.92352591536,147205.92352591536,147205.92352591536,147205.92352591536,147205.92352591536,147205.92352591536,147205.92352591536,147205.92352591536,147205.92352591536,147205.92352591536
80,2020-04-15,151323.19286469126,151323.19286469126,151323.19286469126,151323.19286469126,151323.19286469126,151323.19286469126,151323.19286469126,151323.19286469126,151323.19286469126,151323.19286469126,151323.19286469126,151323.19286469126,151323.19286469126
81,2020-04-16,155219.20912128195,155219.20912128195,155219.20912128195,155219.20912128195,155219.20912128195,155219.20912128195,155219.20912128195,155219.20912128195,155219.20912128195,155219.20912128195,155219.20912128195,155219.20912128195,155219.20912128195
82,2020-04-17,158900.65381684303,158900.65381684303,158900.65381684303,158900.65381684303,158900.65381684303,158900.65381684303,158900.65381684303,158900.65381684303,158900.65381684303,158900.65381684303,158900.65381684303,158900.65381684303,158900.65381684303
83,2020-04-18,162374.87351369203,162374.87351369203,162374.87351369203,162374.87351369203,162374.87351369203,162374.87351369203,162374.87351369203,162374.87351369203,162374.87351369203,162374.87351369203,162374.87351369203,162374.87351369203,162374.87351369203
84,2020-04-19,165649.6928524719,165649.6928524719,165649.6928524719,165649.6928524719,165649.6928524719,165649.6928524719,165649.6928524719,165649.6928524719,165649.6928524719,165649.6928524719,165649.6928524719,165649.6928524719,165649.6928524719
85,2020-04-20,168733.25800292156,168733.25800292156,168733.25800292156,168733.25800292156,168733.25800292156,168733.25800292156,168733.25800292156,168733.25800292156,168733.25800292156,168733.25800292156,168733.25800292156,168733.25800292156,168733.25800292156
86,2020-04-21,171633.89991456564,171633.89991456564,171633.89991456564,171633.89991456564,171633.89991456564,171633.89991456564,171633.89991456564,171633.89991456564,171633.89991456564,171633.89991456564,171633.89991456564,171633.89991456564,171633.89991456564
87,2020-04-22,174359.83381445575,174359.83381445575,174359.83381445575,174359.83381445575,174359.83381445575,174359.83381445575,174359.83381445575,174359.83381445575,174359.83381445575,174359.83381445575,174359.83381445575,174359.83381445575,174359.83381445575
88,2020-04-23,176918.70816947753,176918.70816947753,176918.70816947753,176918.70816947753,176918.70816947753,176918.70816947753,176918.70816947753,176918.70816947753,176918.70816947753,176918.70816947753,176918.70816947753,176918.70816947753,176918.70816947753
89,2020-04-24,179317.65505366802,179317.65505366802,179317.65505366802,179317.65505366802,179317.65505366802,179317.65505366802,179317.65505366802,179317.65505366802,179317.65505366802,179317.65505366802,179317.65505366802,179317.65505366802,179317.65505366802
90,2020-04-25,181565.12541739814,181565.12541739814,181565.12541739814,181565.12541739814,181565.12541739814,181565.12541739814,181565.12541739814,181565.12541739814,181565.12541739814,181565.12541739814,181565.12541739814,181565.12541739814,181565.12541739814
91,2020-04-26,183670.7768761906,183670.7768761906,183670.7768761906,183670.7768761906,183670.7768761906,183670.7768761906,183670.7768761906,183670.7768761906,183670.7768761906,183670.7768761906,183670.7768761906,183670.7768761906,183670.7768761906
92,2020-04-27,185643.5216683031,185643.5216683031,185643.5216683031,185643.5216683031,185643.5216683031,185643.5216683031,185643.5216683031,185643.5216683031,185643.5216683031,185643.5216683031,185643.5216683031,185643.5216683031,185643.5216683031
93,2020-04-28,187490.65576077846,187490.65576077846,187490.65576077846,187490.65576077846,187490.65576077846,187490.65576077846,187490.65576077846,187490.65576077846,187490.65576077846,187490.65576077846,187490.65576077846,187490.65576077846,187490.65576077846
94,2020-04-29,189219.26574762625,189219.26574762625,189219.26574762625,189219.26574762625,189219.26574762625,189219.26574762625,189219.26574762625,189219.26574762625,189219.26574762625,189219.26574762625,189219.26574762625,189219.26574762625,189219.26574762625
95,2020-04-30,190836.302521759,190836.302521759,190836.302521759,190836.302521759,190836.302521759,190836.302521759,190836.302521759,190836.302521759,190836.302521759,190836.302521759,190836.302521759,190836.302521759,190836.302521759
96,2020-05-01,192349.5028979622,192349.5028979622,192349.5028979622,192349.5028979622,192349.5028979622,192349.5028979622,192349.5028979622,192349.5028979622,192349.5028979622,192349.5028979622,192349.5028979622,192349.5028979622,192349.5028979622
97,2020-05-02,193767.677929187,193767.677929187,193767.677929187,193767.677929187,193767.677929187,193767.677929187,193767.677929187,193767.677929187,193767.677929187,193767.677929187,193767.677929187,193767.677929187,193767.677929187
98,2020-05-03,195099.8078532389,195099.8078532389,195099.8078532389,195099.8078532389,195099.8078532389,195099.8078532389,195099.8078532389,195099.8078532389,195099.8078532389,195099.8078532389,195099.8078532389,195099.8078532389,195099.8078532389
99,2020-05-04,196354.49169567818,196354.49169567818,196354.49169567818,196354.49169567818,196354.49169567818,196354.49169567818,196354.49169567818,196354.49169567818,196354.49169567818,196354.49169567818,196354.49169567818,196354.49169567818,196354.49169567818
100,2020-05-05,197539.69734657148,197539.69734657148,197539.69734657148,197539.69734657148,197539.69734657148,197539.69734657148,197539.69734657148,197539.69734657148,197539.69734657148,197539.69734657148,197539.69734657148,197539.69734657148,197539.69734657148
101,2020-05-06,198662.64589756107,198662.64589756107,198662.64589756107,198662.64589756107,198662.64589756107,198662.64589756107,198662.64589756107,198662.64589756107,198662.64589756107,198662.64589756107,198662.64589756107,198662.64589756107,198662.64589756107
102,2020-05-07,199729.8002622567,199729.8002622567,199729.8002622567,199729.8002622567,199729.8002622567,199729.8002622567,199729.8002622567,199729.8002622567,199729.8002622567,199729.8002622567,199729.8002622567,199729.8002622567,199729.8002622567
103,2020-05-08,200746.89897958693,200746.89897958693,200746.89897958693,200746.89897958693,200746.89897958693,200746.89897958693,200746.89897958693,200746.89897958693,200746.89897958693,200746.89897958693,200746.89897958693,200746.89897958693,200746.89897958693
104,2020-05-09,201719.00658009844,201719.00658009844,201719.00658009844,201719.00658009844,201719.00658009844,201719.00658009844,201719.00658009844,201719.00658009844,201719.00658009844,201719.00658009844,201719.00658009844,201719.00658009844,201719.00658009844
105,2020-05-10,202650.58146386215,202650.58146386215,202650.58146386215,202650.58146386215,202650.58146386215,202650.58146386215,202650.58146386215,202650.58146386215,202650.58146386215,202650.58146386215,202650.58146386215,202650.58146386215,202650.58146386215
106,2020-05-11,203545.53983280712,203545.53983280712,203545.53983280712,203545.53983280712,203545.53983280712,203545.53983280712,203545.53983280712,203545.53983280712,203545.53983280712,203545.53983280712,203545.53983280712,203545.53983280712,203545.53983280712
107,2020-05-12,204407.31778090875,204407.31778090875,204407.31778090875,204407.31778090875,204407.31778090875,204407.31778090875,204407.31778090875,204407.31778090875,204407.31778090875,204407.31778090875,204407.31778090875,204407.31778090875,204407.31778090875
108,2020-05-13,205238.92846657475,205238.92846657475,205238.92846657475,205238.92846657475,205238.92846657475,205238.92846657475,205238.92846657475,205238.92846657475,205238.92846657475,205238.92846657475,205238.92846657475,205238.92846657475,205238.92846657475
109,2020-05-14,206043.00614360455,206043.00614360455,206043.00614360455,206043.00614360455,206043.00614360455,206043.00614360455,206043.00614360455,206043.00614360455,206043.00614360455,206043.00614360455,206043.00614360455,206043.00614360455,206043.00614360455
110,2020-05-15,206821.87504695446,206821.87504695446,206821.87504695446,206821.87504695446,206821.87504695446,206821.87504695446,206821.87504695446,206821.87504695446,206821.87504695446,206821.87504695446,206821.87504695446,206821.87504695446,206821.87504695446
111,2020-05-16,207577.57530531439,207577.57530531439,207577.57530531439,207577.57530531439,207577.57530531439,207577.57530531439,207577.57530531439,207577.57530531439,207577.57530531439,207577.57530531439,207577.57530531439,207577.57530531439,207577.57530531439
112,2020-05-17,208311.89349617832,208311.89349617832,208311.89349617832,208311.89349617832,208311.89349617832,208311.89349617832,208311.89349617832,208311.89349617832,208311.89349617832,208311.89349617832,208311.89349617832,208311.89349617832,208311.89349617832
113,2020-05-18,209026.41503129294,209026.41503129294,209026.41503129294,209026.41503129294,209026.41503129294,209026.41503129294,209026.41503129294,209026.41503129294,209026.41503129294,209026.41503129294,209026.41503129294,209026.41503129294,209026.41503129294
114,2020-05-19,209722.51028914715,209722.51028914715,209722.51028914715,209722.51028914715,209722.51028914715,209722.51028914715,209722.51028914715,209722.51028914715,209722.51028914715,209722.51028914715,209722.51028914715,209722.51028914715,209722.51028914715
115,2020-05-20,210401.40136421728,210401.40136421728,210401.40136421728,210401.40136421728,210401.40136421728,210401.40136421728,210401.40136421728,210401.40136421728,210401.40136421728,210401.40136421728,210401.40136421728,210401.40136421728,210401.40136421728
116,2020-05-21,211064.15002121477,211064.15002121477,211064.15002121477,211064.15002121477,211064.15002121477,211064.15002121477,211064.15002121477,211064.15002121477,211064.15002121477,211064.15002121477,211064.15002121477,211064.15002121477,211064.15002121477
117,2020-05-22,211711.72676604253,211711.72676604253,211711.72676604253,211711.72676604253,211711.72676604253,211711.72676604253,211711.72676604253,211711.72676604253,211711.72676604253,211711.72676604253,211711.72676604253,211711.72676604253,211711.72676604253
118,2020-05-23,212344.98013577668,212344.98013577668,212344.98013577668,212344.98013577668,212344.98013577668,212344.98013577668,212344.98013577668,212344.98013577668,212344.98013577668,212344.98013577668,212344.98013577668,212344.98013577668,212344.98013577668
119,2020-05-24,212964.65900626703,212964.65900626703,212964.65900626703,212964.65900626703,212964.65900626703,212964.65900626703,212964.65900626703,212964.65900626703,212964.65900626703,212964.65900626703,212964.65900626703,212964.65900626703,212964.65900626703
120,2020-05-25,213571.43560280467,213571.43560280467,213571.43560280467,213571.43560280467,213571.43560280467,213571.43560280467,213571.43560280467,213571.43560280467,213571.43560280467,213571.43560280467,213571.43560280467,213571.43560280467,213571.43560280467
121,2020-05-26,214165.9074135726,214165.9074135726,214165.9074135726,214165.9074135726,214165.9074135726,214165.9074135726,214165.9074135726,214165.9074135726,214165.9074135726,214165.9074135726,214165.9074135726,214165.9074135726,214165.9074135726
122,2020-05-27,214748.61084953079,214748.61084953079,214748.61084953079,214748.61084953079,214748.61084953079,214748.61084953079,214748.61084953079,214748.61084953079,214748.61084953079,214748.61084953079,214748.61084953079,214748.61084953079,214748.61084953079
123,2020-05-28,215320.02514140724,215320.02514140724,215320.02514140724,215320.02514140724,215320.02514140724,215320.02514140724,215320.02514140724,215320.02514140724,215320.02514140724,215320.02514140724,215320.02514140724,215320.02514140724,215320.02514140724
124,2020-05-29,215880.58492062293,215880.58492062293,215880.58492062293,215880.58492062293,215880.58492062293,215880.58492062293,215880.58492062293,215880.58492062293,215880.58492062293,215880.58492062293,215880.58492062293,215880.58492062293,215880.58492062293
125,2020-05-30,216430.696662326,216430.696662326,216430.696662326,216430.696662326,216430.696662326,216430.696662326,216430.696662326,216430.696662326,216430.696662326,216430.696662326,216430.696662326,216430.696662326,216430.696662326
126,2020-05-31,216970.70890264117,216970.70890264117,216970.70890264117,216970.70890264117,216970.70890264117,216970.70890264117,216970.70890264117,216970.70890264117,216970.70890264117,216970.70890264117,216970.70890264117,216970.70890264117,216970.70890264117
127,2020-06-01,217500.94577939413,217500.94577939413,217500.94577939413,217500.94577939413,217500.94577939413,217500.94577939413,217500.94577939413,217500.94577939413,217500.94577939413,217500.94577939413,217500.94577939413,217500.94577939413,217500.94577939413
128,2020-06-02,218021.7030935244,218021.7030935244,218021.7030935244,218021.7030935244,218021.7030935244,218021.7030935244,218021.7030935244,218021.7030935244,218021.7030935244,218021.7030935244,218021.7030935244,218021.7030935244,218021.7030935244
129,2020-06-03,218533.25401350798,218533.25401350798,218533.25401350798,218533.25401350798,218533.25401350798,218533.25401350798,218533.25401350798,218533.25401350798,218533.25401350798,218533.25401350798,218533.25401350798,218533.25401350798,218533.25401350798
130,2020-06-04,219035.850388404,219035.850388404,219035.850388404,219035.850388404,219035.850388404,219035.850388404,219035.850388404,219035.850388404,219035.850388404,219035.850388404,219035.850388404,219035.850388404,219035.850388404
131,2020-06-05,219529.725105928,219529.725105928,219529.725105928,219529.725105928,219529.725105928,219529.725105928,219529.725105928,219529.725105928,219529.725105928,219529.725105928,219529.725105928,219529.725105928,219529.725105928
132,2020-06-06,220015.0957811562,220015.0957811562,220015.0957811562,220015.0957811562,220015.0957811562,220015.0957811562,220015.0957811562,220015.0957811562,220015.0957811562,220015.0957811562,220015.0957811562,220015.0957811562,220015.0957811562
133,2020-06-07,220492.16197599724,220492.16197599724,220492.16197599724,220492.16197599724,220492.16197599724,220492.16197599724,220492.16197599724,220492.16197599724,220492.16197599724,220492.16197599724,220492.16197599724,220492.16197599724,220492.16197599724
134,2020-06-08,220961.11309333143,220961.11309333143,220961.11309333143,220961.11309333143,220961.11309333143,220961.11309333143,220961.11309333143,220961.11309333143,220961.11309333143,220961.11309333143,220961.11309333143,220961.11309333143,220961.11309333143
135,2020-06-09,221422.13199643092,221422.13199643092,221422.13199643092,221422.13199643092,221422.13199643092,221422.13199643092,221422.13199643092,221422.13199643092,221422.13199643092,221422.13199643092,221422.13199643092,221422.13199643092,221422.13199643092
136,2020-06-10,221875.38275635874,221875.38275635874,221875.38275635874,221875.38275635874,221875.38275635874,221875.38275635874,221875.38275635874,221875.38275635874,221875.38275635874,221875.38275635874,221875.38275635874,221875.38275635874,221875.38275635874
137,2020-06-11,222321.0247073257,222321.0247073257,222321.0247073257,222321.0247073257,222321.0247073257,222321.0247073257,222321.0247073257,222321.0247073257,222321.0247073257,222321.0247073257,222321.0247073257,222321.0247073257,222321.0247073257
138,2020-06-12,222759.20986123552,222759.20986123552,222759.20986123552,222759.20986123552,222759.20986123552,222759.20986123552,222759.20986123552,222759.20986123552,222759.20986123552,222759.20986123552,222759.20986123552,222759.20986123552,222759.20986123552
139,2020-06-13,223190.08188638385,223190.08188638385,223190.08188638385,223190.08188638385,223190.08188638385,223190.08188638385,223190.08188638385,223190.08188638385,223190.08188638385,223190.08188638385,223190.08188638385,223190.08188638385,223190.08188638385
140,2020-06-14,223613.77896151663,223613.77896151663,223613.77896151663,223613.77896151663,223613.77896151663,223613.77896151663,223613.77896151663,223613.77896151663,223613.77896151663,223613.77896151663,223613.77896151663,223613.77896151663,223613.77896151663
141,2020-06-15,224030.4581041852,224030.4581041852,224030.4581041852,224030.4581041852,224030.4581041852,224030.4581041852,224030.4581041852,224030.4581041852,224030.4581041852,224030.4581041852,224030.4581041852,224030.4581041852,224030.4581041852
142,2020-06-16,224440.17447097684,224440.17447097684,224440.17447097684,224440.17447097684,224440.17447097684,224440.17447097684,224440.17447097684,224440.17447097684,224440.17447097684,224440.17447097684,224440.17447097684,224440.17447097684,224440.17447097684
143,2020-06-17,224843.13593232108,224843.13593232108,224843.13593232108,224843.13593232108,224843.13593232108,224843.13593232108,224843.13593232108,224843.13593232108,224843.13593232108,224843.13593232108,224843.13593232108,224843.13593232108,224843.13593232108
144,2020-06-18,225239.4229419867,225239.4229419867,225239.4229419867,225239.4229419867,225239.4229419867,225239.4229419867,225239.4229419867,225239.4229419867,225239.4229419867,225239.4229419867,225239.4229419867,225239.4229419867,225239.4229419867
145,2020-06-19,225629.14970850473,225629.14970850473,225629.14970850473,225629.14970850473,225629.14970850473,225629.14970850473,225629.14970850473,225629.14970850473,225629.14970850473,225629.14970850473,225629.14970850473,225629.14970850473,225629.14970850473
146,2020-06-20,226012.41952800992,226012.41952800992,226012.41952800992,226012.41952800992,226012.41952800992,226012.41952800992,226012.41952800992,226012.41952800992,226012.41952800992,226012.41952800992,226012.41952800992,226012.41952800992,226012.41952800992
147,2020-06-21,226389.3270604202,226389.3270604202,226389.3270604202,226389.3270604202,226389.3270604202,226389.3270604202,226389.3270604202,226389.3270604202,226389.3270604202,226389.3270604202,226389.3270604202,226389.3270604202,226389.3270604202
148,2020-06-22,226760.0034618942,226760.0034618942,226760.0034618942,226760.0034618942,226760.0034618942,226760.0034618942,226760.0034618942,226760.0034618942,226760.0034618942,226760.0034618942,226760.0034618942,226760.0034618942,226760.0034618942
149,2020-06-23,227124.5725443828,227124.5725443828,227124.5725443828,227124.5725443828,227124.5725443828,227124.5725443828,227124.5725443828,227124.5725443828,227124.5725443828,227124.5725443828,227124.5725443828,227124.5725443828,227124.5725443828
150,2020-06-24,227483.1166654416,227483.1166654416,227483.1166654416,227483.1166654416,227483.1166654416,227483.1166654416,227483.1166654416,227483.1166654416,227483.1166654416,227483.1166654416,227483.1166654416,227483.1166654416,227483.1166654416
151,2020-06-25,227835.73108936014,227835.73108936014,227835.73108936014,227835.73108936014,227835.73108936014,227835.73108936014,227835.73108936014,227835.73108936014,227835.73108936014,227835.73108936014,227835.73108936014,227835.73108936014,227835.73108936014
152,2020-06-26,228182.51589550235,228182.51589550235,228182.51589550235,228182.51589550235,228182.51589550235,228182.51589550235,228182.51589550235,228182.51589550235,228182.51589550235,228182.51589550235,228182.51589550235,228182.51589550235,228182.51589550235
153,2020-06-27,228523.56095765406,228523.56095765406,228523.56095765406,228523.56095765406,228523.56095765406,228523.56095765406,228523.56095765406,228523.56095765406,228523.56095765406,228523.56095765406,228523.56095765406,228523.56095765406,228523.56095765406
154,2020-06-28,228858.95779980926,228858.95779980926,228858.95779980926,228858.95779980926,228858.95779980926,228858.95779980926,228858.95779980926,228858.95779980926,228858.95779980926,228858.95779980926,228858.95779980926,228858.95779980926,228858.95779980926
155,2020-06-29,229188.7998356789,229188.7998356789,229188.7998356789,229188.7998356789,229188.7998356789,229188.7998356789,229188.7998356789,229188.7998356789,229188.7998356789,229188.7998356789,229188.7998356789,229188.7998356789,229188.7998356789
156,2020-06-30,229513.1741136485,229513.1741136485,229513.1741136485,229513.1741136485,229513.1741136485,229513.1741136485,229513.1741136485,229513.1741136485,229513.1741136485,229513.1741136485,229513.1741136485,229513.1741136485,229513.1741136485
157,2020-07-01,229832.16741709586,229832.16741709586,229832.16741709583,229832.16741709583,229832.16741709586,229832.16741709583,229832.16741709586,229832.16741709586,229832.16741709583,229832.16741709586,229832.16741709586,229832.1674170959,229832.16741709583
158,2020-07-02,230145.86845276898,230145.868452769,230145.868452769,230145.868452769,230145.86845276898,230145.86845276892,230145.86845276895,230145.86845276898,230145.868452769,230145.868452769,230145.86845276898,230145.86845276903,230145.86845276903
159,2020-07-03,230454.36175517298,230454.3617551728,230454.36175517214,230454.36175517147,230454.36175516888,230454.36175515727,230454.36175515517,230454.36175516824,230454.36175517106,230454.36175517272,230454.36175517357,230454.3617551759,230454.36175517403
160,2020-07-04,230757.71277672204,230757.71275671633,230757.7127035628,230757.71266124287,230757.7124871916,230757.71179054727,230757.71141505308,230757.71243664814,230757.7126067073,230757.7126919524,230757.7127388135,230757.7127731983,230757.71275309098
161,2020-07-05,231055.95961364856,231055.97275602093,231055.98609977824,231055.99948989568,231056.01279249848,231056.02511976098,231056.0385873435,231056.0534760091,231056.06751793352,231056.0809674662,231056.09481658912,231056.1088701935,231056.1216994354
162,2020-07-06,231348.32927827424,231348.5139219034,231348.70653697551,231348.89487767275,231349.0870500525,231349.27667998298,231349.46550159715,231349.6591354002,231349.85079247525,231350.0448934382,231350.23913858566,231350.4314873923,231350.6262530347
163,2020-07-07,231633.1318289902,231633.96177299024,231634.80048886454,231635.64427972157,231636.4955429849,231637.34730495934,231638.19766965005,231639.06264023553,231639.92745197227,231640.79989911782,231641.6755416292,231642.55363447446,231643.43940845024
164,2020-07-08,231908.37337354608,231910.66448366368,231912.9796104258,231915.3222455087,231917.6884443032,231920.07506392573,231922.46949568702,231924.90209402348,231927.3502608381,231929.8271932269,231932.3235594136,231934.8394614605,231937.38480506305
165,2020-07-09,232172.1477339873,232177.0304194756,232181.98031625766,232187.01265687545,232192.11797145064,232197.294009515,232202.51568121355,232207.83896823347,232213.22489318982,232218.6976927179,232224.23863865374,232229.85286338473,232235.55487315
166,2020-07-10,232422.8700724725,232431.70216131097,232440.70046548414,232449.90097766137,232459.28524679318,232468.85016147373,232478.56462379868,232488.50891518532,232498.6306072882,232508.96655675073,232519.49044182885,232530.21389933542,232541.1573279963
167,2020-07-11,232659.35253634633,232673.6297636209,232688.26848628998,232703.32355873095,232718.77414029976,232734.61865124624,232750.83205673486,232767.50237571265,232784.5857405394,232802.12850373218,232820.1064366016,232838.5335098022,232857.44795625657
168,2020-07-12,232880.81939972006,232902.0847660328,232924.0455588662,232946.77805271503,232970.26053730174,232994.5071114707,233019.5037488598,233045.3537755005,233072.03053205524,233099.60212714548,233128.0491294314,233157.39703200533,233187.71344586727
169,2020-07-13,233086.8824204378,233116.64848419462,233147.62572153556,233179.91363423018,233213.50695107912,233248.45056685474,233284.7626797482,233322.5445848945,233361.8335189057,233402.72431968417,233445.21616004535,233489.36479718573,233535.28248040442
170,2020-07-14,233277.49261052234,233317.17888133595,233358.80730025622,233402.52241931285,233448.36199347125,233496.4124521445,233546.7372999121,233599.50256758404,233654.7872002664,233712.75662377637,233773.44979742117,233836.9850515031,233903.54977232864
171,2020-07-15,233452.88003121378,233503.7580701339,233557.56476059277,233614.52349333858,233674.74661317482,233738.38255914478,233805.60252172133,233876.6071958122,233951.61778161427,234030.89144212476,234114.54685394446,234202.81286232753,234296.0006407964
172,2020-07-16,233613.49334059466,233676.65455349218,233744.02476285078,233815.94857941082,233892.6460133315,233974.37368989384,234061.41550350364,234154.19297107597,234252.99009703932,234358.26209278125,234470.27246987115,234589.4279660998,234716.2464662409
173,2020-07-17,233759.9483865884,233836.28678192393,233918.43943672153,234006.91630118794,234102.0998749539,234204.41808050388,234314.3382044495,234432.55451503687,234559.5152300188,234695.95382981203,234842.37338424957,234999.45990418192,235168.05137072044
174,2020-07-18,233892.9797224528,233983.18733467718,234081.15641454278,234187.6199924637,234303.19647606835,234428.56476164013,234564.4745195687,234711.9515407463,234871.7578742539,235045.01323215308,235232.59254650082,235435.60802449836,235655.37726449769
175,2020-07-19,234013.39876502755,234117.9679050944,234232.59435117038,234358.31077124787,234496.06487387983,234646.87742030172,234811.90012202866,234992.61261556065,235190.24291414267,235406.45629338903,235642.68373628316,235900.66290124744,236182.4155495286
176,2020-07-20,234122.060411563,234241.29123972802,234373.22724713042,234519.29004001425,234680.86364886822,234859.43356128113,235056.69374327883,235274.74236770003,235515.46234784674,235781.27980441874,236074.42277201355,236397.52221667493,236753.6271376142
177,2020-07-21,234219.83569763112,234353.85283684032,234503.5669389975,234670.89234199427,234857.77475776232,235066.31342420157,235298.92219736506,235558.51925228324,235847.8799489699,236170.46372962202,236529.61340557647,236929.22004251732,237373.77188450916
178,2020-07-22,234307.5890841516,234456.3603943408,234624.1472560419,234813.47179822475,235027.00186000176,235267.6138838063,235538.65056350335,235844.10362484423,236187.93142124373,236574.97978842905,237010.1087712396,237498.9422424418,238047.94971319826
179,2020-07-23,234386.16524392992,234549.51956452892,234735.5100195865,234947.41465918525,235188.76665479917,235463.4326478082,235775.93454857796,236131.6323388402,236536.03402429956,236995.79823079228,237517.81404641992,238110.0436548524,238781.63905538456
180,2020-07-24,234456.37486376733,234634.022199538,234838.21127318134,235073.10659531408,235343.2978241725,235653.87721182912,236010.82818844778,236421.23533073193,236892.58643648482,237433.8950912098,238054.6998026914,238766.07080450928,239580.74268312083
181,2020-07-25,234518.98945230473,234710.54318200212,234932.7897244092,235190.94436463487,235490.83345208195,235839.05542966528,236243.37488769318,236713.01665845828,237257.96801951496,237890.24725198044,238622.81128290927,239470.7852469784,240451.62725581173
182,2020-07-26,234574.73695830395,234779.7270985369,235019.77903576422,235301.31431611185,235631.61359798367,236019.08043768362,236473.61800502258,237007.0762902321,237632.56200309473,238365.84899060993,239224.27164425713,240228.17553097513,241401.1660918441
183,2020-07-27,234624.2903097783,234842.182035359,235099.68445357453,235404.59810022663,235765.88733496834,236194.06633804968,236701.59848290242,237303.509745669,238016.73293682208,238861.70981530042,239861.30143593383,241042.48922297094,242436.78385075065
184,2020-07-28,234668.26681158415,234898.48051364295,235172.99996499688,235501.17547244445,235893.90191048983,236364.1285322156,236927.35319638904,237602.3967809331,238410.84222889086,239378.8579110955,240536.21401943464,241918.24359046808,243566.51295116474
185,2020-07-29,234707.25561001987,234949.17437738497,235240.20473580956,235591.42349988827,236015.8999931843,236529.38108076845,237150.92542949523,237903.81252713734,238815.24338290363,239918.353478158,241251.4372281297,242860.2527528083,244799.04324839648
186,2020-07-30,234741.77619092757,234994.74469896546,235301.74076103608,235675.69459183092,236132.12789055082,236689.94113907014,237372.32138664112,238207.82936583878,239230.28320167548,240481.2756430634,242009.5127930967,243873.64770327217,246143.74460650614
187,2020-07-31,234772.30813639,235035.68531979306,235358.04135586738,235754.34242850784,236242.8164487267,236845.92612149986,237591.59710987966,238514.4854552162,239656.31517644797,241068.7376843104,242813.10494666264,244963.89918735198,247610.76715014997
188,2020-08-01,234799.29150900166,235072.41904187325,235409.5029804536,235827.6934518945,236348.19626420952,236997.45232854184,237808.76832006968,238823.857963527,240093.68658079754,241681.87851239907,243665.01352322425,246136.83997875155,249211.0665230889
189,2020-08-02,234823.1089282472,235105.3489847533,235456.5109288041,235896.07552894723,236448.49418923212,237144.63322494703,238023.86165438997,239135.99137338303,240542.74712019513,242321.87843665582,244568.17899021966,247398.6881492988,250956.45702138246
190,2020-08-03,234844.12257637744,235134.84389060442,235499.4134788897,235959.78988680968,236543.93289048297,237287.58265783693,238236.9026156583,239450.93558700412,241003.84444085482,242989.94982652433,245525.68844772715,248756.07037849998,252859.70074974615
191,2020-08-04,234862.6385276377,235161.23775286126,235538.55046923115,236019.13160499415,236634.72967192595,237426.41411964293,238447.91526222153,239768.73281043686,241477.33000812438,243687.34855147853,246540.78962076502,250216.0457031971,254934.51628766194
192,2020-08-05,234878.95465823187,235184.84153633038,235574.22377755996,236074.38312055342,236721.0892211801,237561.23466358666,238656.92148742196,240089.4328579162,241963.55891268005,244415.3722038178,247616.8921883878,251786.1304848711,257195.6815816555
193,2020-08-06,234893.31428626133,235205.93286363877,235606.7255593615,236125.79983108197,236803.21664028094,237692.15322148995,238863.93927582834,240413.04356498524,242462.8892009376,245175.36187625374,248757.57765732004,253474.32105318797,259659.06233285755
194,2020-08-07,234905.95194883054,235224.75933229158,235636.3172386018,236173.64230419905,236881.30270026062,237819.27795820116,239068.99458165083,240739.63571545534,242975.68283405254,245968.70238311938,249966.6077442383,255289.12288155258,262341.6594177895
195,2020-08-08,234917.05345568125,235241.5645491353,235663.248469709,236218.13198709444,236955.53493160283,237942.71041296766,239272.09556929246,241069.2300457552,243502.30633137055,246796.8281666591,251247.93144421416,257239.5545264922,265261.6890163235
196,2020-08-09,234926.83215613195,235256.548823995,235687.74507472717,236259.50113767778,237026.09377180386,238062.55441241246,239473.26677281503,241401.85840570793,244043.13148044707,247661.2215293839,252605.69382485677,259335.19190971233,268438.6069392625
197,2020-08-10,234935.41622136376,235269.90880495196,235710.01424498035,236297.9553460358,237093.1522621089,238178.90881490154,239672.53141101616,241737.5490574125,244598.53540503274,248563.4187189361,254044.23817925833,261586.17471224885,271893.1375890453
198,2020-08-11,234942.96362170787,235281.80783525598,235730.25333943864,236333.6869965435,237156.8777742036,238291.8703925208,239869.91270267937,242076.32772370512,245168.90065823076,249504.99713556026,255568.12651396976,264003.23938826605,275647.31406971446
199,2020-08-12,234949.59570635256,235292.40155317693,235748.63594277672,236366.8824027302,237217.42761416224,238401.53638123654,240065.42862659795,242418.2295345841,245754.61559566954,250487.63224429477,257182.1479139392,266597.71693005774,279724.4919928033
200,2020-08-13,234955.41229998806,235301.83615216287,235765.32829026162,236397.71423870226,237274.95534499688,238507.9969702053,240259.0905867905,242763.28911136053,246356.07573211033,251512.99134868872,258891.29386009535,269381.5674049179,284149.3491644678
201,2020-08-14,234960.51948344478,235310.22854819192,235780.47947369792,236426.34413466544,237329.6053004308,238611.34473675236,240450.91608700453,243111.53040999259,246973.68227451495,252582.84000061726,260700.78863630877,272367.38156511943,288947.872897179
202,2020-08-15,234964.99944520643,235317.6972360539,235794.22963297213,236452.92351489217,237381.51829935497,238711.66743219964,240640.92273607646,243462.9754671785,247607.84514773433,253698.9936800285,262616.0961241102,275568.38785387564,294147.31963651493
203,2020-08-16,234968.92256151995,235324.33992234647,235806.70473038373,236477.5955255073,237430.82704529006,238809.050610823,240829.12762506635,243817.6508243949,248258.9801373243,254863.32830755383,264642.91386236675,278998.45460903394,299776.1638301657
204,2020-08-17,234972.36411783998,235330.2379231984,235818.01568966417,236500.4928667244,237477.65882588743,238903.58046351682,241015.54438956227,244175.58189136174,248927.5078767635,256077.78026072457,266787.1874246835,282672.0908366086,305864.0068879085
205,2020-08-18,234975.38213906751,235335.47893092953,235828.26919823408,236521.73851601535,237522.13447918248,238995.3365618883,241200.1882778924,244536.7898787998,249613.85697701512,257344.34799660827,269055.10415970883,286604.43438964133,312441.458160494
206,2020-08-19,234978.02924310655,235340.13358737162,235837.5649563049,236541.45113506165,237564.37274174648,239084.40074032327,241383.0750388601,244901.2981926526,250318.4640536288,258665.09340225757,271453.1029137598,290811.2345574421,319539.98737151944
207,2020-08-20,234980.35127175043,235344.25893326077,235845.98433524798,236559.73697959338,237604.48167552534,239170.8503145986,241564.41928059602,245269.27186162124,251041.77376867813,260042.1447669336,273987.86718436424,295308.8324875316,327191.7331376969
208,2020-08-21,234982.39059226253,235347.91900391542,235853.60566950793,236576.69794662937,237642.56719225523,239254.75981201298,241743.7289371605,245640.35788384159,251784.23873897607,261477.68973912968,276666.32852230925,300114.11450764764,335429.2734041116
209,2020-08-22,234984.17119912495,235351.16656411707,235860.5079642876,236592.4290087202,237678.73079514585,239336.20499309315,241921.37691407572,246014.8650050114,252546.31956960543,262973.98005603504,279495.6611268109,305244.47480733873,344285.3280847881
210,2020-08-23,234985.73680551376,235354.04633183614,235866.75629599867,236607.01577104582,237713.06816095152,239415.25468990495,242097.36340491328,246392.793367673,253328.48461409923,264533.3334490789,282483.28023107856,310717.76291335525,353792.47454472963
211,2020-08-24,234987.10964738228,235356.6009709815,235872.4103167337,236620.54183188055,237745.6680492203,239491.97959735405,242271.68841068872,246774.14560388625,254131.20833670092,266158.1415963163,285636.8345118768,316552.2061796933,363982.75702536665
212,2020-08-25,234988.31287238546,235358.86602579427,235877.52744338344,236633.08455652735,237776.6156510006,239566.44731443343,242444.35416192983,247158.93190521977,254954.97345685688,267850.8612572119,288964.2007726569,322766.3239932068,374887.2758335974
213,2020-08-26,234989.36902933422,235360.8723789061,235882.15655283834,236644.71127953395,237805.99802529992,239638.72190655925,242615.3687998876,247547.17383970183,255800.27060176714,269614.0013337451,292473.46803059406,329378.8323372731,386535.72880076093
214,2020-08-27,234990.29672652294,235362.65126968775,235886.3419689953,236655.48401949593,237833.8911651313,239708.86929261487,242784.74595474172,247938.89077299132,256667.59806529366,271450.14192472305,296172.92875050544,336408.5348231841,398955.9148078118
215,2020-08-28,234991.10926510493,235364.2281759609,235890.12787648485,236665.46887783278,237860.36932623023,239776.95027124273,242952.49975830206,248334.10470906843,257557.46122320756,273361.92380922596,300071.0577031172,343874.19301130355,412173.19912952627
216,2020-08-29,234991.82357730548,235365.6253054038,235893.55181162525,236674.72312284674,237885.5045384196,239843.026104221,243118.6462420444,248732.84396194742,258470.3729815751,275352.0506199136,304176.48816031986,351794.36109391914,426209.9551824303
217,2020-08-30,234992.45245588865,235366.86400387788,235896.64723877516,236683.29819900086,237909.36427437371,239907.15494372806,243283.1957789631,249135.11329065368,259406.85400007706,277423.2873577695,308497.993272656,360187.22019706893,441084.98776469385
218,2020-08-31,234993.00367403554,235367.96156333367,235899.44673071778,236691.24349911584,237932.01233616305,239969.3942402413,243446.1657666926,249540.9418962663,260367.4325796131,279578.4521814141,313044.4713279571,369070.4319715014,456812.9521271304
219,2020-09-01,234993.48856914445,235368.93330373176,235901.97818299432,236698.60605680727,237953.50984842208,240029.79932231086,243607.56309264083,249950.3467155928,261352.6044235931,281820.42532416986,317824.89838727633,378460.9136820481,473403.7882177839
220,2020-09-02,234993.92657044734,235369.79433216108,235904.26587709185,236705.4273644363,237973.91519945988,240088.4230931913,243767.41339456203,250363.3280289495,262363.01634721004,284152.13568551914,322848.2971288259,388374.6425809151,490862.18119500816
221,2020-09-03,234994.29180771197,235370.5566203273,235906.3337447261,236711.7453780043,237993.28385338353,240145.34061496702,243925.71395147734,250779.95537898524,263399.1284011952,286576.5625321338,328123.70673037594,398826.4129895388,509187.0503198832
222,2020-09-04,234994.6203357448,235371.2320939246,235908.20261756162,236717.59835512468,238011.67119387095,240200.53546292975,244082.48288334778,251200.1935753336,264461.50970929634,289096.7385553806,333660.11684198724,409829.6156213338,528371.1203789895
223,2020-09-05,234994.91239277177,235371.82880012435,235909.89014142178,236723.0205347329,238029.12467980193,240254.127523541,244237.73566052094,251624.07040863245,265550.7295960683,291715.7253751585,339466.4531582937,421395.99222917407,548400.5615905921
224,2020-09-06,234995.1685279884,235372.3582070105,235911.41378605543,236728.04258237427,238045.68529787607,240306.14130667184,244391.48773740267,252051.61004322406,266667.3582637489,294436.634298764,345551.5054113893,433535.39343930053,569254.7283642686
225,2020-09-07,234995.39416945522,235372.82703849435,235912.78965392333,236732.69360874192,238061.41275012319,240356.6225622089,244543.75456839884,252482.8349791905,267811.96602991526,297262.6043030943,351923.8688212055,446255.53031683626,590906.0066111538
226,2020-09-08,234995.59236135994,235373.24213188558,235914.031168419,236737.0021938921,238076.32199478187,240405.6095698826,244694.55160103383,252917.76771660533,268985.1347435066,300196.7918821248,358591.90815492364,459561.7252406295,613319.7604209466
227,2020-09-09,234995.76742913804,235373.61022439436,235915.15119535098,236740.9933080607,238090.46551303344,240453.15039396525,244843.89023730723,253356.4307555495,270187.44771288073,303242.3928086043,365563.6453427293,473456.67800641555,636454.4250547863
228,2020-09-10,234995.92220802227,235373.9370168812,235916.16262033285,236744.68966064864,238103.89303271633,240499.27080827375,244991.7786175466,253798.84481256217,271419.4917704747,306402.5991960507,372846.7464256673,487940.2572246246,660261.7798137092
229,2020-09-11,234996.06043722658,235374.22615598064,235917.0762027728,236748.11369413955,238116.6463395309,240544.0234767871,245138.23062368276,254245.0209079601,272681.8646381038,309680.61223566014,380448.4084590918,503009.30315859703,684687.2737521898
230,2020-09-12,234996.18217002338,235374.48257415468,235917.90332601793,236751.28581950042,238128.74850710342,240587.4589577524,245283.25962367488,254694.9729101191,273975.16011643305,313079.63210897776,388375.30623881565,518657.4450052487,709670.4834919196
231,2020-09-13,234996.28740635177,235374.71067819826,235918.64875648168,236754.22417567135,238140.23408303413,240629.6233363127,245426.87949722877,255148.71643996876,275299.9847825387,316602.8574105478,396633.5091423935,534874.961099445,735145.7677010581
232,2020-09-14,234996.37961538645,235374.91250539315,235919.3247853053,236756.94956710268,238151.13757645764,240670.54205802895,245569.09906203573,255606.27141707373,276656.9427010105,320253.4534366225,405228.4044080959,551648.6464331364,761042.9587380049
233,2020-09-15,234996.46223325422,235375.09118773136,235919.93701538167,236759.4669418051,238161.48467525817,240710.25096688024,245709.93490439132,256067.64080106118,278046.6435682169,324034.5639057915,414164.60504286556,568961.8131423644,787288.1421735841
234,2020-09-16,234996.53526003542,235375.25792430344,235920.48782028936,236761.8004574212,238171.30316872822,240748.7878888083,245849.39715863563,256532.85733315872,279469.7005739365,327949.27378910035,423445.88331183325,586794.2119343546,813804.5551416702
235,2020-09-17,234996.59873355646,235375.39236420652,235920.98314893525,236763.9606902426,238180.61524334425,240786.1880345027,245987.49805539582,257001.93079612017,280926.7242494925,332000.6314719431,433075.0992082956,605122.0782665071,840513.4673377147
236,2020-09-18,234996.65514126365,235375.51479300373,235921.4303680008,236765.95826190466,238189.46575295235,240822.4813411223,246124.24741153792,257474.87580521617,282418.32946161175,336191.6059454394,443054.0937989724,623918.204616986,867335.1096574585
237,2020-09-19,234996.70598093464,235375.6252205017,235921.8349013356,236767.8054406359,238197.8598696613,240857.70147120627,246259.65752237863,257951.7083968747,283945.1315345793,340525.1158350079,453383.63141187956,643152.0656943583,894189.6215629675
238,2020-09-20,234996.75125255834,235375.72390016617,235922.2000669672,236769.5168871919,238205.8250135211,240891.88226440482,246393.7421445372,258432.44427730347,285507.74530464824,345003.9507263407,464063.3302014682,662789.9953649982,920997.9505674153
239,2020-09-21,234996.79103325715,235375.81154621675,235922.52991294008,236771.10388586353,238213.3862480063,240925.05383637064,246526.51500485712,258917.09515045307,287106.7851992543,349630.81718416174,475091.5955624054,682795.4085485078,947682.7015446947
240,2020-09-22,234996.82677963737,235375.88938133224,235922.82763513533,236772.57177733965,238220.5631653943,240957.2437130816,246657.9885476017,259405.66717517533,288742.8644199279,354408.29282606597,486465.5593354699,703129.070353082,974168.9582628442
241,2020-09-23,234996.85904497202,235375.95854017744,235923.09625453502,236773.9327769128,238227.375489162,240988.4822463175,246788.17230854422,259898.201229713,290416.5940472609,359338.8241545723,498181.02491898055,723749.3927287096,1000385.0040274797
242,2020-09-24,234996.88782925633,235376.0199612343,235923.33883376385,236775.19265102365,238233.84133987222,241018.79971305616,246917.07788992033,260394.68138920682,292128.5823146396,364424.70395438396,510232.42591609014,744612.8069289023,1026262.9594157384
243,2020-09-25,234996.9131349704,235376.07450997498,235923.55876554886,236776.35910624164,238239.97694027948,241048.22248495274,247044.71702085756,260895.12528512618,293879.4338761649,369668.06329335243,522612.7996094067,765674.1103744212,1051739.3215486226
244,2020-09-26,234996.93574207375,235376.12304303312,235923.75659831084,236777.43924839012,238245.79786457357,241076.7757964921,247171.1012621771,261399.54882910434,295669.7479232375,375070.8419036199,535313.750052568,786886.8645049647,1076755.456524864
245,2020-09-27,234996.95627095128,235376.16625446614,235923.93517436442,236778.4409245268,238251.3228748299,241104.4851051185,247296.24156000902,261907.96732309944,297500.1188227004,380634.7939242216,548325.4574460951,808203.8072232795,1101257.8661507622
246,2020-09-28,234996.9747216082,235376.20479454967,235924.09656612822,236779.36690141825,238256.56701142123,241131.37460731957,247420.14922276678,262420.396069066,299371.1370994612,386361.44547820813,561636.669206125,829577.2692747535,1125198.4777729064
247,2020-09-29,234996.9910940473,235376.239471887,235924.2415961572,236780.22520181272,238261.54372865107,241157.4687585959,247542.83560767298,262936.85036892345,301283.3849857052,392252.08472485986,575234.7190144508,850959.5870658547,1148534.7798021256
248,2020-09-30,234997.00568400498,235376.27032463936,235924.3730435159,236781.01569223075,238266.26525970674,241182.79045848045,247664.31077713263,263457.339125139,303237.4326470806,398307.75725815166,589105.5602876889,872303.5088479511,1171229.881163142
249,2020-10-01,234997.0190102341,235376.29737309885,235924.4912366273,236781.75388707477,238270.74356195048,241207.3870502588,247784.58519141297,263981.8685975575,305233.84562259965,404529.25474191527,603233.802565195,893562.5918734781,1193252.4812320697
250,2020-10-02,234997.0310823534,235376.32150747738,235924.59881290706,236782.43312196305,238274.99323012668,241231.210945028,247903.6709322521,264510.4499434274,307273.17980635044,410917.07063676446,617602.7698308926,914691.5687595109,1214576.7921021741
251,2020-10-03,234997.0419003627,235376.34320440932,235924.6969361177,236783.0587273044,238279.02625594917,241254.34943305262,248021.57915316848,265043.09432012314,309355.97369015793,417471.4162216256,632194.5790279798,935646.6901443178,1235182.337479437
252,2020-10-04,234997.05155753557,235376.36246388825,235924.78560624347,236783.63575828852,238282.85364548294,241276.80861089556,248138.3210076577,265579.81288502476,311482.75896838965,424192.17785715876,646990.2157014878,956386.0406210512,1255053.7511846074
253,2020-10-05,234997.06039258424,235376.3794434645,235924.8648232843,236784.16917714506,238286.48569689348,241298.6007242892,248253.90764928755,266120.61597873084,313654.05611840147,431078.92906898854,661969.6304438174,976869.818754252,1274180.517339612
254,2020-10-06,234997.0684363641,235376.39479722097,235924.9345872504,236784.66394610313,238289.9322156789,241319.75407528804,248368.34699640216,266665.5086051938,315870.3623234924,438130.8930036407,677111.8471160078,997060.5703613284,1292556.6614322495
255,2020-10-07,234997.07568887458,235376.4085967833,235924.99606494518,236785.12498319728,238293.20318030313,241340.27452709374,248481.65101945377,267214.4994940604,318132.1639852512,445346.9482047828,692395.0856153046,1016923.3908380014,1310180.4216008496
256,2020-10-08,234997.08224656273,235376.4208422964,235925.05233666653,236785.5531232319,238296.30754627706,241360.18586834887,248593.83108545505,267767.5991694818,320439.9345130402,452725.6130366325,707796.8696639077,1036426.0896634202,1327053.9128887514
257,2020-10-09,234997.0882372705,235376.43181592954,235925.10356635228,236785.94905328494,238299.253614741,241379.510259816,248704.89805462124,268324.8166187402,322794.12029625854,460265.0171991398,723294.174607314,1055539.3079346968,1343182.7701849898
258,2020-10-10,234997.0936616123,235376.44177487996,235925.1497540012,236786.3155054916,238302.04909849304,241398.26460837567,248814.8627871654,268886.15588210116,325195.1508949442,467962.9281309579,738863.5502495689,1074236.5982730545,1358575.7879713506
259,2020-10-11,234997.09852366295,235376.4507191524,235925.19089961363,236786.6552119764,238304.70811240177,241416.4638370637,248923.7353583075,269451.6254414399,327643.4406634734,475816.7199645812,754481.2732935994,1092494.4720002753,1373244.56724097
260,2020-10-12,234997.10293900702,235376.45864874657,235925.2270646131,236786.97090485142,238307.2208060265,241434.1251808074,249031.52119690206,270021.23051618057,330139.3736051757,483823.37626044813,770123.4920720522,1110292.4087559008,1387203.1654268699
261,2020-10-13,234997.1069604756,235376.46565126596,235925.25985913406,236787.26433556303,238309.60773408783,241451.2641537478,249138.23412593236,270594.9771456712,332683.3103429641,491979.4857138589,785766.3659781482,1127612.8301255477,1400467.7645375126
262,2020-10-14,234997.11058806776,235376.47203348632,235925.2899953971,236787.5355524997,238311.87405185422,241467.89597263708,249243.88452966243,271172.8714932359,335275.59480164404,500281.23824426206,801386.1689716501,1144441.0489916748,1413056.352973763
263,2020-10-15,234997.1138389121,235376.47782189623,235925.3174733926,236787.78614562753,238314.02491385647,241484.08221026792,249348.48279213317,271754.91709067684,337916.5459670002,508724.4332715669,816959.5010779907,1160765.1931468258,1424988.4100729118
264,2020-10-16,234997.11681232613,235376.4830164959,235925.3422931206,236788.01776799004,238316.0657644023,241499.71055223772,249452.03929763517,272341.1185325174,340606.43987630785,517304.470995539,832463.3536378794,1176576.1014490318,1436284.6346550006
265,2020-10-17,234997.11952430016,235376.48762571675,235925.36445458408,236788.232070913,238318.00344264516,241514.8993122014,249554.55908536748,272931.47894216893,343345.53378161055,526016.3721950436,847875.2946825445,1191867.2050578461,1446966.6764101482
266,2020-10-18,234997.12197483584,235376.4918142428,235925.38432943006,236788.4543280875,238319.8436634657,241529.6488761531,249656.0566447303,273526.00228330714,346134.0608392879,534854.770562136,863173.5189911171,1206634.3938703646,1457056.8920893413
267,2020-10-19,234997.12428822397,235376.49564569196,235925.40290120163,236788.62584422075,238321.59007128704,241543.96387068334,249756.539379157,274124.69054711825,348972.2151585289,543813.9411675269,878337.0000262621,1220875.8675746205,1466578.1421197937
268,2020-10-20,234997.12699726192,235376.49912006347,235925.42022249795,236788.7880061395,238323.24685442506,241557.85493505863,249856.0175067343,274727.5470154533,351860.151379029,552887.7937294309,893345.5775602297,1234591.9771962853,1475553.5692397363
269,2020-10-21,234997.12953454876,235376.50223735772,235925.43630299598,236788.940806812,238324.82134642755,241571.3345363554,249954.50115969824,275334.5726438555,354798.0012076608,562069.8892584064,908180.0458370437,1247785.0629242188,1484006.436101121
270,2020-10-22,234997.13190006776,235376.50504860716,235925.45122806373,236789.08424620188,238326.30876846673,241584.41531975416,250052.00038516193,275945.7674323254,357785.8646517333,571353.4701009165,922822.2343567864,1260459.2891254383,1491959.962870182
271,2020-10-23,234997.134093819,235376.50763124754,235925.46501771954,236789.2183275889,238327.72324171325,241597.10932920192,250148.52067875626,276561.1313498764,360823.78965843224,580731.4590928449,937255.0686199263,1272620.4765392276,1499437.1862687664
272,2020-10-24,234997.1361158024,235376.5099860811,235925.47783906513,236789.3433214643,238329.066453689,241609.42800307853,250244.07280373387,277180.6636998331,363911.78987451363,590196.4932780763,951462.6240650371,1284275.9335791776,1506460.855831985
273,2020-10-25,234997.13796601794,235376.51211310795,235925.49127430803,236789.45940291576,238330.34127968704,241621.3814572599,250338.66708913792,277804.364194278,367049.84468705027,599740.9497834888,965430.175157781,1295434.2934120968,1513053.3110332685
274,2020-10-26,234997.1396444658,235376.5140263299,235925.50381875553,236789.56714060323,238331.5509519523,241632.98012097462,250432.3127155993,278432.2328332144,370237.88983025274,609356.9592041159,979144.224091581,1306105.3561607862,1519236.406693306
275,2020-10-27,234997.1411511457,235376.51578299605,235925.51547225207,236789.66695990876,238332.6988100405,241644.23104347812,250525.0187422587,279064.2695267399,373475.81982167094,619036.4293472781,992592.5143643941,1316299.9349965155,1525031.437987269
276,2020-10-28,234997.14248605783,235376.51738925136,235925.52623479688,236789.75925875938,238333.78796138783,241655.1460921295,250616.79410675308,279700.4689271311,376763.4878110903,628771.0780547016,1005764.0459068738,1326029.7078884381,1530459.0777806495
277,2020-10-29,234997.14364920222,235376.51884509606,235925.53610639003,236789.8443887256,238334.82065020755,241665.73689058408,250707.64762521605,280340.827899515,380100.702615337,638552.4635400455,1018649.0657640347,1335307.0795651895,1535539.3448967102
278,2020-10-30,234997.14464057866,235376.5201530785,235925.54508703138,236789.92277140726,238335.80247394784,241676.0150624952,250797.58799229728,280985.3464440178,383487.22802493547,648372.00637513,1031239.0737019676,1344145.0506498225,1540291.552392537
279,2020-10-31,234997.14546018743,235376.52135008396,235925.55317672106,236789.99509845208,238336.73245437455,241685.9922314871,250886.62432655567,281634.0179212775,386922.7821003164,658221.0235318291,1043526.7914858289,1352557.1022202675,1544734.2864755173
280,2020-11-01,234997.14610802822,235376.52244822506,235925.56037545897,236790.06204457473,238337.6135643249,241695.6774811681,250974.76510121388,282286.8347407691,390407.03608684445,668090.7624554789,1055506.136352566,1360557.0659215346,1548885.392206145
281,2020-11-02,234997.14658410128,235376.5234475019,235925.56668324515,236790.12405955547,238338.44865851308,241705.07497573388,251062.0185078817,282943.79686377145,393939.61382611556,677972.414145084,1067172.1921791693,1368159.0372185113,1552761.9541597972
282,2020-11-03,234997.14688840692,235376.52434792684,235925.5721000795,236790.18151854124,238339.24058471326,241714.1932976706,251148.3928300403,283604.9129181608,397520.091027343,687857.1577050552,1078521.1687897886,1375377.2756613109,1556380.3132038584
283,2020-11-04,234997.1470885943,235376.52516747595,235925.57662596225,236790.23468957964,238339.99219070023,241723.04125633527,251233.89623489365,284270.1268210586,401147.9924495516,697736.1920105395,1089550.3523887561,1382226.114954357,1559756.0511412579
284,2020-11-05,234997.14791240278,235376.52592229142,235925.5802608932,236790.28389715697,238340.70632424747,241731.62766108374,251318.53677336738,284939.47431884625,404822.79616461124,707600.775194006,1100258.060354609,1388719.8871407441,1562904.0010664377
285,2020-11-06,234997.14866456966,235376.5266123732,235925.58300487266,236790.32946058194,238341.38571206492,241739.96132119774,251402.32238010952,285612.94694042194,408543.93542671774,717442.2307959889,1110643.58710388,1394872.8445364768,1565838.261676971
286,2020-11-07,234997.14934501724,235376.52723771895,235925.5848579385,236790.37166143913,238342.03067607357,241748.0501268937,251485.2608735091,286290.5287488754,412310.78941380966,727251.9998414904,1120707.1453477019,1400699.1308482422,1568572.2131051484
287,2020-11-08,234997.14995374522,235376.5279340537,235925.5879966434,236790.4107895071,238342.64232094408,241755.90070604926,251567.3624936654,286972.2083880138,416122.68585581664,737021.6596121063,1130449.807596971,1406212.6832838026,1571118.5325445868
288,2020-11-09,234997.15049075356,235376.52874664927,235925.5920738859,236790.4469085462,238343.22252050234,241763.51902702777,251648.63573842673,287657.975189364,419978.8934799199,746742.9384363659,1139873.4741789761,1411427.2229207738,1573489.2143470484
289,2020-11-10,234997.15095604226,235376.52951809374,235925.5957401296,236790.48041342074,238343.77314856695,241770.91117614703,251729.08697744194,288347.81848447945,423878.63418922696,756407.7680848846,1148980.7665869652,1416356.1804765027,1575695.592924548
290,2020-11-11,234997.15134961126,235376.53024838664,235925.59899535406,236790.5113762596,238344.29607895672,241778.08405924478,251808.72397861426,289041.7255291332,427821.089381535,766008.2803339558,1157774.9779082472,1421012.6899211328,1577748.3656974921
291,2020-11-12,234997.1516714607,235376.5309375281,235925.6018395592,236790.5400424219,238344.79318548203,241785.04367649497,251887.55442274312,289739.68222442776,431805.3835475461,775536.8383684921,1166260.0471879058,1425409.5515155431,1579657.6162133222
292,2020-11-13,234997.15192159053,235376.53158551795,235925.60427274505,236790.56659900487,238345.2656999995,241791.79853344857,251965.58590349686,290441.6794694929,435830.5914129694,784986.0795535317,1174440.46745728,1429559.1986981942,1581432.8400076197
293,2020-11-14,234997.15210000065,235376.53219235627,235925.60629491165,236790.5911693279,238345.71388969122,241798.35347484224,252042.82592741225,291147.7038824642,439895.7387334972,794348.9310095493,1182321.2406355676,1433473.700900515,1583082.9705876536
294,2020-11-15,234997.15220669124,235376.53275804312,235925.6079060589,236790.61416173217,238346.13902945278,241804.71428773346,252119.2819138669,291857.74156156933,443999.80048828275,803618.576304984,1189907.8180442117,1437164.7275301327,1584616.406823868
295,2020-11-16,234997.15224166217,235376.53328257843,235925.60910618684,236790.6356085735,238346.54242805525,241810.8888413152,252194.96254316551,292571.7744844557,448141.7039310739,812788.5314248932,1197206.0421208907,1440643.551260878,1586041.0229975034
296,2020-11-17,234997.15220491344,235376.53376596226,235925.60989529552,236790.65550985176,238346.92539426914,241816.88263172348,252269.87615577684,293289.7905556845,452320.3306795729,821852.625112818,1204222.1367079495,1443921.037392458,1587364.209409062
297,2020-11-18,234997.152096445,235376.53420819453,235925.6102733849,236790.6738655669,238347.2892368647,241822.69602501183,252344.02898318323,294011.7683614413,456534.51199944096,830805.0270840583,1210962.5605209982,1447007.61679579,1588592.9085604197
298,2020-11-19,234997.15191624552,235376.53460927532,235925.61024045496,236790.6906757191,238347.6351410462,241828.33876340647,252417.42836658473,294737.6990566829,460783.0332232956,839640.246877998,1217434.0580342629,1449913.3449408787,1589733.6148572953
299,2020-11-20,234997.15166209883,235376.53496920454,235925.6097965068,236790.70594030753,238347.9621433856,241833.81519240374,252490.08157920197,295467.56036748784,465064.63723786076,848353.1421392268,1223643.5748904329,1452647.8503882692,1590792.403490178
300,2020-11-21,234997.1540661405,235376.5352879822,235925.6089417502,236790.71977948764,238348.26985358336,241839.11706588903,252561.99582626036,296201.3317691032,469378.0197950439,856938.9328004654,1229598.214752493,1455220.358749058,1591774.9610184808
301,2020-11-22,234997.1538705381,235376.53556560844,235925.62056417527,236790.73272169425,238348.56155638138,241844.28164173846,252633.17824498986,296938.99436669337,473721.8381599633,865393.1943219658,1235305.2089926465,1457639.6864566093,1592686.603002584
302,2020-11-23,234997.1536749786,235376.53580208306,235925.61946392216,236790.74482920338,238348.839217429,241849.28695743013,252703.63590462113,297680.52896775864,478094.70609240985,873711.8737249757,1240771.8745173437,1459914.2607036203,1593532.2959051218
303,2020-11-24,234997.15347941915,235376.53599740626,235925.61835269097,236790.75610201515,238349.10404807064,241854.13840407925,252773.37615350742,298425.91543407174,482495.1996014919,881891.2687717683,1246005.5794000477,1462052.1179072275,1594316.6748917424
304,2020-11-25,234997.15328385978,235376.53615157783,235925.6172414032,236790.76654012944,238349.35585991753,241858.84273484704,252842.40644760814,299175.1312058708,486921.86066360207,889928.0472762279,1251013.7224996637,1464060.9176892713,1595044.06731968
305,2020-11-26,234997.15308830043,235376.53626459793,235925.61613011512,236790.7761435464,238349.59452577832,241863.40549657657,252910.73327886238,299928.15477562696,491373.1911453719,897819.2379915898,1255803.6959765104,1465947.9551983185,1595718.5083959831
306,2020-11-27,234997.1528927411,235376.53633646652,235925.61501882708,236790.78491226543,238349.8206081875,241867.83214622654,252978.36353393874,300684.96327869646,495847.66390893556,905562.2089282267,1260382.8588806097,1467720.1600147337,1596343.7642338595
307,2020-11-28,234997.15269718168,235376.53636718367,235925.61390753908,236790.79290787788,238350.03518124198,241872.12814075645,253045.30403787078,301445.53215924575,500343.75339240546,913154.6892151329,1264758.5179105413,1469384.1215988118,1596923.339155574
308,2020-11-29,234997.15250162236,235376.53635674922,235925.612796251,236790.80049762822,238350.23891927736,241876.29893712586,253111.5615540697,302209.83795406215,504859.7571965951,920594.7425218016,1268937.9111012912,1470946.0982074393,1597460.5010303573
309,2020-11-30,234997.15230606298,235376.5363051632,235925.6116849629,236790.80774234197,238350.43233624508,241880.3499905229,253177.1427843253,302977.85499165166,509394.1570865088,927880.7648484218,1272928.1837421912,1472412.0252333498,1597958.2909287761
310,2020-12-01,234997.15211050364,235376.53621242565,235925.6105736748,236790.8146420195,238350.61589484793,241884.28360689545,253242.05436880558,303749.5570462633,513945.2754567735,935011.4834290221,1276736.3725747087,1473787.5113906998,1598419.5404403377
311,2020-12-02,234997.15191494423,235376.53607853243,235925.60946238678,236790.82119666095,238350.79006925982,241888.0991903722,253306.30297460806,304524.91747266764,518511.4434581448,941985.9257929409,1280369.3934835535,1475077.8841554546,1598846.884012919
312,2020-12-03,234997.1517193849,235376.53607960494,235925.60835109875,236790.82740626618,238350.95535055213,241891.80084929054,253369.89533537076,305303.90831749816,523090.9805792517,948803.4268250503,1283834.0288334298,1476288.1851536883,1599242.7711241676
313,2020-12-04,234997.1515238255,235376.53623761644,235925.60723981066,236790.8332708364,238351.11220924917,241895.3930890373,253432.83773037937,306086.5018346594,527682.1801302242,955463.6114949266,1287136.9162447306,1477423.1904035474,1599609.4802650018
314,2020-12-05,234997.15132826607,235376.53638224964,235925.60612852266,236790.83871860817,238351.26107243705,241898.88169391267,253495.13657196035,306872.6684617797,532283.3207055889,961966.3748238614,1290284.5399815748,1478487.4039156027,1599949.1306911288
315,2020-12-06,234997.1511326922,235376.53651350044,235925.60501724627,236790.84370049817,238351.40230298156,241902.26401269622,253556.7982118737,307662.34695773607,536892.6688740099,968311.8742193376,1293283.2238518381,1479485.0886744433,1600263.6906475907
316,2020-12-07,234997.1510813489,235376.5366313689,235925.60439876415,236790.8483057905,238351.5363017612,241905.5479514819,253617.82894132522,308455.59960672446,541508.4805356845,974500.5489543848,1296139.1250437554,1480420.2719677705,1600554.9874625446
317,2020-12-08,234997.15104432122,235376.53673585487,235925.6040880185,236790.85253448426,238351.66315345274,241908.73459636475,253678.23499096622,309252.30831518356,546129.0038631328,980533.0366022623,1298858.2292048375,1481296.7234223112,1600824.7209041603
318,2020-12-09,234997.1510072934,235376.5368269586,235925.6037772767,236790.85638657934,238351.78322392437,241911.82674866836,253738.0225308934,310052.4562628188,550752.4825265377,986410.22849603,1301446.347244558,1482118.0389759785,1601074.4754562064
319,2020-12-10,234997.15097026562,235376.53690467984,235925.6034665351,236790.85986207577,238351.89689096546,241914.827408109,253797.19767064907,310856.02430179925,555377.1575571623,992133.2012033069,1303909.1142099625,1482887.5507049772,1601305.7086560603
320,2020-12-11,234997.15093323772,235376.53696901878,235925.6031557934,236790.86296097358,238352.00453236545,241917.7392146291,253855.76645922096,311662.99290828506,560001.2706256158,997703.2518455718,1306251.986976165,1483608.4474251654,1601519.770487715
321,2020-12-12,234997.15089620993,235376.53701997525,235925.60284505168,236790.86568327283,238352.10652591372,241920.56481632558,253913.73488503703,312473.27258320403,564623.0649061297,1003121.8497167904,1308480.2408517688,1484283.7238408197,1601717.9366840024
322,2020-12-13,234997.15085918215,235376.53705754937,235925.60253431,236790.86802897343,238352.20324939967,241923.30673082557,253971.10921336128,313286.8911512513,569240.7916343227,1008390.6378021811,1310598.963788469,1484916.2004285376,1601901.3639780881
323,2020-12-14,234997.1508221543,235376.53708174117,235925.60222356833,236790.8699980755,238352.2950806127,241925.96707051314,254027.89517695535,314103.7984851184,573852.7104127735,1013511.4153891882,1312613.078899876,1485508.5222789056,1602071.14593091
324,2020-12-15,234997.15078512652,235376.5370925505,235925.60191282668,236790.87165358363,238352.38239734227,241928.54774059128,254084.09854260404,314923.9512588675,578457.085125405,1018486.1214295643,1314527.3288857944,1486063.1897535648,1602228.28883837
325,2020-12-16,234997.1507480987,235376.53708997753,235925.60160208493,236790.87401705838,238352.4655773932,241931.05133822648,254139.7250789866,315747.3078892343,583052.1982360176,1023316.8258727918,1316346.280251948,1486582.5413702338,1602373.7184921592
326,2020-12-17,234997.15071107086,235376.53707402214,235925.60129134322,236790.87620396484,238352.54356287856,241933.48044705048,254194.78049547476,316573.82679292397,587636.3500352022,1028005.7202196453,1318074.330275737,1487068.7834641337,1602508.3116671946
327,2020-12-18,234997.15067404308,235376.5370446844,235925.60098060148,236790.87821418347,238352.61508701352,241935.8376506953,254249.27044213357,317403.46952954156,592207.8509237637,1032555.1035283112,1319715.7029252711,1487523.9896603995,1602632.8594210462
328,2020-12-19,234997.15063701526,235376.5370019642,235925.60066985988,236790.8800477136,238352.68259717652,241938.12553279308,254303.20050972124,318236.19975333486,596765.0417173926,1036967.3665274361,1321274.4575827217,1487950.0993557563,1602748.1174711252
329,2020-12-20,234997.1505999875,235376.53694586174,235925.60035911817,236790.88170455518,238352.74639658304,241940.34666098992,254356.57622968926,319071.9784703422,601306.2810655046,1041244.9855589336,1322754.4886204896,1488348.9349227725,1602854.7697976106
330,2020-12-21,234997.15056295964,235376.53687637678,235925.6000483765,236790.88318470836,238352.80678851207,241942.50227837652,254409.40307418196,319910.7666834624,605829.9489593526,1045390.5105040903,1324159.5321041995,1488722.2141634298,1602953.4505313765
331,2020-12-22,234997.15052593185,235376.53679350947,235925.59973763485,236790.8844881731,238352.8640762428,241944.59368874592,254461.6864560331,320752.5247286361,610334.4622673305,1049406.5512399022,1325493.1736594297,1489071.564902913,1603044.7570382184
332,2020-12-23,234997.15048890404,235376.53669725984,235925.5994268931,236790.88561494925,238352.91856305453,241946.62287774624,254513.43216718477,321597.2069041941,614818.2554708173,1053295.7686011086,1326758.849394988,1489398.5060026867,1603129.2353675603
333,2020-12-24,234997.1504518762,235376.5365876278,235925.59911615142,236790.88656504246,238352.9705522264,241948.59183102121,254564.64610662492,322444.76996049454,619279.8066758086,1057060.882627892,1327959.8477418872,1489704.445042724,1603207.3924812286
334,2020-12-25,234997.15041484844,235376.5364646133,235925.59880540974,236790.88733950895,238353.02034703788,241950.5025342147,254615.33294511682,323295.17175303295,623717.6178786253,1060704.6278438428,1329099.3116898278,1489990.717613756,1603279.6933085448
335,2020-12-26,234997.1503778206,235376.5363282172,235925.59849466808,236790.8923823091,238353.068250768,241952.35697297106,254665.4979268284,324148.370137294,628130.2259941028,1064229.7903145556,1330180.244439565,1490258.5747041458,1603346.5766684564
336,2020-12-27,234997.15034079284,235376.5361785687,235925.5981839263,236790.8925633217,238353.11456669608,241954.15706133484,254715.14624050606,325004.32000907016,632516.2090866124,1067639.151324567,1331205.5225831864,1490509.1837743178,1603408.458421849
337,2020-12-28,234997.15030376494,235376.53664151087,235925.59787318468,236790.89274404454,238353.15959809217,241955.90426541798,254764.28301949476,325862.9726624579,636874.1826384122,1070935.5124700435,1332177.8937858364,1490743.6437948418,1603465.7071042154
338,2020-12-29,234997.15026673715,235376.53657732005,235925.59756244297,236790.8929247659,238353.202829563,241957.5999925924,254812.91334173785,326724.2828503986,641202.8008174686,1074121.6762698805,1333099.9764266815,1490962.9843759895,1603518.6645311774
339,2020-12-30,234997.15022970934,235376.53651309523,235925.59725170137,236790.8931054873,238353.24078910614,241959.2455117581,254861.0422297771,327588.2053827213,645500.7578023918,1077200.4510660493,1333974.272018753,1491168.1674752485,1603567.653748491
340,2020-12-31,234997.15019268153,235376.53644887017,235925.59694096615,236790.89328620874,238353.2768702754,241960.84208882562,254908.67465075292,328454.6948350229,649766.7893003733,1080174.6284336217,1334803.1701043362,1491360.0973783892,1603612.9721589168
341,2021-01-01,234997.15015565374,235376.53638464512,235925.59678183825,236790.89346693002,238353.31124143078,241962.3913115561,254955.81551640347,329323.70109845523,653999.679694268,1083046.9959367956,1335588.9500669509,1491539.6256664714,1603654.8941301052
342,2021-01-02,234997.15011862593,235376.53632042013,235925.59669406147,236790.89364765142,238353.3440708575,241963.8940450733,255002.46968294092,330195.1739094785,658198.2588832597,1085820.3179620444,1336333.783465602,1491707.5443733425,1603693.6769339032
343,2021-01-03,234997.1500815981,235376.5362561951,235925.59660628505,236790.8938283728,238353.37552684042,241965.3528018641,255048.6433564183,331069.0653550865,662361.3915395136,1088497.3358265874,1337039.7364645742,1491864.6130166163,1603729.553228628
344,2021-01-04,234997.1500445703,235376.53619197005,235925.5965185086,236790.89400909448,238353.4057776645,241966.76845065257,255094.3405171993,331945.3147581064,666487.993363823,1091080.768630798,1337708.7813364808,1492011.5327184354,1603762.7265835868
345,2021-01-05,234997.15000754248,235376.536127745,235925.59643073205,236790.8941458189,238353.43499161457,241968.14215070856,255139.56582372606,332823.9051587311,670577.0281080698,1093573.3058858556,1338342.7926648825,1492148.9291976164,1603793.4143360343
346,2021-01-06,234997.14997051464,235376.53606352,235925.59634295554,236790.89419624172,238353.46333697558,241969.4751276849,255184.32399402256,333704.74639592145,674627.5038868685,1095977.6010208882,1338943.5568348041,1492277.425834594,1603821.7952635202
347,2021-01-07,234997.14993348683,235376.53599929495,235925.59625517906,236790.89424666783,238353.49098202496,241970.76861365954,255228.61969531345,334587.8031780287,678638.4769242991,1098296.2575818303,1339512.7772015973,1492397.5994864847,1603848.0463736514
348,2021-01-08,234997.14989645904,235376.53593506987,235925.5961674026,236790.89429709394,238353.5174901423,241972.02376878847,255272.45754402483,335473.02410027187,682609.0527396769,1100531.8439678329,1340052.071331246,1492509.980730869,1603872.3259966387
349,2021-01-09,234997.14985943123,235376.53587084485,235925.59607962612,236790.89434752008,238353.5409594028,241973.24166628672,255315.8421057839,336360.3611530307,686538.3868462531,1102686.9058547444,1340562.981549868,1492615.0727227516,1603894.7802263924
350,2021-01-10,234997.1498224034,235376.5358066198,235925.5959918496,236790.89439794625,238353.56332848754,241974.42302710988,255358.77789541957,337249.7657574098,690425.6847781538,1104763.9309813762,1341046.968202532,1492713.3479561377,1603915.548496425
351,2021-01-11,234997.1497853756,235376.53574239474,235925.59590407315,236790.8944483724,238353.58468469678,241975.56902484273,255401.2693769617,338141.17634767,694270.1996751811,1106765.3597062721,1341505.4160537142,1492805.2456425154,1603934.7569168604
352,2021-01-12,234997.1497483478,235376.53567816975,235925.59581629664,236790.8944987985,238353.60511537682,241976.68082303205,255443.32096362856,339034.53233555827,698071.2272259841,1108693.586014158,1341939.6588324385,1492891.177474549,1603952.5209532082
353,2021-01-13,234997.14971132,235376.53561394478,235925.59572852013,236790.89454922464,238353.62470787435,241977.75958522473,255484.93768551984,339929.7770116283,701828.1150472389,1110550.9493059518,1342350.9269664763,1492971.5293288569,1603968.9497757917
354,2021-01-14,234997.14967429225,235376.53554971967,235925.59564074368,236790.8945996508,238353.64354953615,241978.80647496757,255526.1243465324,340826.860854339,705540.2565674196,1112339.7405618473,1342740.4207026376,1493046.6616237499,1603984.143793836
355,2021-01-15,234997.14963726435,235376.53548549462,235925.59555296713,236790.89465007695,238353.66172770885,241979.8226558077,255566.884629854,341725.72906786174,709207.0919341153,1114062.2205118411,1343109.2803932528,1493116.913449733,1603998.1955800636
356,2021-01-16,234997.1496002365,235376.5354212696,235925.59546519068,236790.8947005031,238353.67932973913,241980.80928985693,255607.22282820154,342626.3266453724,712828.1110170967,1115720.5675075275,1343458.577388394,1493182.5999775017,1604011.1960114876
357,2021-01-17,234997.1495632087,235376.53535704454,235925.59537741423,236790.89475092923,238353.69644297002,241981.76692281922,255647.14318818375,343528.59675614437,716402.8491908228,1117316.9269804975,1343789.339458553,1493244.0153053026,1604023.2105855786
358,2021-01-18,234997.1495261809,235376.5352928195,235925.5952896377,236790.89480135535,238353.71279231258,241982.69602231932,255686.64991029742,344432.4811526103,719930.8878565785,1118853.381604966,1344102.5299897252,1493301.439707001,1604034.3383833803
359,2021-01-19,234997.1494891531,235376.53522859447,235925.59520186126,236790.89485178152,238353.72752206886,241983.59747739902,255725.74714892785,345337.9230662406,723411.8557547283,1120331.9681833968,1344399.0762431861,1493355.1299718362,1604044.6256493847
360,2021-01-20,234997.14945212528,235376.53516436947,235925.59511408475,236790.89490220763,238353.7415682476,241984.47217710485,255764.43901234813,346244.8657070222,726845.4228578436,1121754.6659201705,1344679.8487967828,1493405.330035156,1604054.1291991684
361,2021-01-21,234997.14941509717,235376.53510014495,235925.5950263083,236790.89495263383,238353.7549774145,241985.32101048328,255802.7295627198,347153.25018066325,730231.3054340145,1123123.4023797733,1344945.6734469084,1493452.2668647743,1604062.9341197019
362,2021-01-22,234997.14940220857,235376.53507077802,235925.59493853178,236790.89500305997,238353.7677961916,241986.14486658064,255840.62281609143,348063.01727422624,733569.2603488859,1124440.0541902706,1345197.3422564846,1493496.148232922,1604071.0485938303
363,2021-01-23,234997.14939485735,235376.53506574585,235925.59485075527,236790.8950534861,238353.780071201,241986.9446344442,255878.12275149304,348974.10871113837,736859.0869332992,1125706.4423639888,1345435.5999905039,1493537.1792105474,1604078.5423110852
364,2021-01-24,234997.14938750598,235376.5350607141,235925.5947629788,236790.8951039123,238353.7918490651,241987.7210826741,255915.23485266772,349886.46614006045,740100.6258400633,1126924.3393406512,1345661.1499952506,1493575.5417194434,1604085.4809304334
