c,R (5th July 2020),c/R,R (5th July 2020) (directly proportional to c),Peak date,Peak size,Current,Surge 1 (planned capacity),Surge 2 (planned + Nightingale),Peak date.1,Peak size.1,Current.1,Surge 1 (planned capacity).1,Surge 2 (planned + Nightingale).1
0,0.00139503,0,0,2020-07-04,70.1758,2300,2450,2900,2020-07-04,20.0765,275,420,860
0.02,0.00464948,4.301556303,0.003256,2020-07-04,70.1758,2300,2450,2900,2020-07-04,20.0765,275,420,860
0.04,0.00790392,5.060779967,0.006512,2020-07-04,70.1758,2300,2450,2900,2020-07-04,20.0765,275,420,860
0.06,0.0111584,5.377114999,0.009768,2020-07-04,70.1758,2300,2450,2900,2020-07-04,20.0765,275,420,860
0.08,0.0144128,5.55062167,0.013024,2020-07-04,70.1758,2300,2450,2900,2020-07-04,20.0765,275,420,860
0.1,0.0176672,5.660206484,0.01628,2020-07-04,70.1758,2300,2450,2900,2020-07-04,20.0765,275,420,860
0.12,0.0209217,5.735671575,0.019536,2020-07-04,70.1758,2300,2450,2900,2020-07-04,20.0765,275,420,860
0.14,0.0241761,5.790843023,0.022792,2020-07-04,70.1758,2300,2450,2900,2020-07-04,20.0765,275,420,860
0.16,0.0274305,5.832923206,0.026048,2020-07-04,70.1758,2300,2450,2900,2020-07-04,20.0765,275,420,860
0.18,0.0306849,5.866077452,0.029304,2020-07-04,70.1758,2300,2450,2900,2020-07-04,20.0765,275,420,860
0.2,0.0339394,5.892856091,0.03256,2020-07-04,70.1758,2300,2450,2900,2020-07-04,20.0765,275,420,860
0.22,0.0371938,5.914964322,0.035816,2020-07-04,70.1758,2300,2450,2900,2020-07-04,20.0765,275,420,860
0.24,0.0404482,5.933514965,0.039072,2020-07-04,70.1758,2300,2450,2900,2020-07-04,20.0765,275,420,860
0.26,0.0437026,5.949302787,0.042328,2020-07-04,70.1758,2300,2450,2900,2020-07-04,20.0765,275,420,860
0.28,0.046957,5.96290223,0.045584,2020-07-04,70.1758,2300,2450,2900,2020-07-04,20.0765,275,420,860
0.3,0.0502114,5.974738804,0.04884,2020-07-04,70.1758,2300,2450,2900,2020-07-04,20.0765,275,420,860
0.32,0.0534658,5.985134422,0.052096,2020-07-04,70.1758,2300,2450,2900,2020-07-04,20.0765,275,420,860
0.34,0.0567202,5.994337114,0.055352,2020-07-04,70.1758,2300,2450,2900,2020-07-04,20.0765,275,420,860
0.36,0.0599746,6.002541076,0.058608,2020-07-04,70.1758,2300,2450,2900,2020-07-04,20.0765,275,420,860
0.38,0.063229,6.00990052,0.061864,2020-07-04,70.1758,2300,2450,2900,2020-07-04,20.0765,275,420,860
0.4,0.0664834,6.016539467,0.06512,2020-07-04,70.1758,2300,2450,2900,2020-07-04,20.0765,275,420,860
0.42,0.0697378,6.022558784,0.068376,2020-07-04,70.1758,2300,2450,2900,2020-07-04,20.0765,275,420,860
0.44,0.0729922,6.028041352,0.071632,2020-07-04,70.1758,2300,2450,2900,2020-07-04,20.0765,275,420,860
0.46,0.0762466,6.0330559,0.074888,2020-07-04,70.1758,2300,2450,2900,2020-07-04,20.0765,275,420,860
0.48,0.079501,6.037659904,0.078144,2020-07-04,70.1758,2300,2450,2900,2020-07-04,20.0765,275,420,860
0.5,0.0827554,6.041901797,0.0814,2020-07-04,70.1758,2300,2450,2900,2020-07-04,20.0765,275,420,860
0.52,0.0860098,6.045822685,0.084656,2020-07-04,70.1758,2300,2450,2900,2020-07-04,20.0765,275,420,860
0.54,0.0892641,6.049464454,0.087912,2020-07-04,70.1758,2300,2450,2900,2020-07-04,20.0765,275,420,860
0.56,0.0925185,6.052843485,0.091168,2020-07-04,70.1758,2300,2450,2900,2020-07-04,20.0765,275,420,860
0.58,0.0957729,6.055992875,0.094424,2020-07-04,70.1758,2300,2450,2900,2020-07-04,20.0765,275,420,860
0.6,0.0990273,6.058935263,0.09768,2020-07-04,70.1758,2300,2450,2900,2020-07-04,20.0765,275,420,860
0.62,0.102282,6.061672631,0.100936,2020-07-04,70.1758,2300,2450,2900,2020-07-04,20.0765,275,420,860
0.64,0.105536,6.064281383,0.104192,2020-07-04,70.1758,2300,2450,2900,2020-07-04,20.0765,275,420,860
0.66,0.10879,6.066734075,0.107448,2020-07-04,70.1758,2300,2450,2900,2020-07-04,20.0765,275,420,860
0.68,0.112045,6.068990138,0.110704,2020-07-04,70.1758,2300,2450,2900,2020-07-04,20.0765,275,420,860
0.7,0.115299,6.071171476,0.11396,2020-07-04,70.1758,2300,2450,2900,2020-07-04,20.0765,275,420,860
0.72,0.118553,6.073233069,0.117216,2020-07-04,70.1758,2300,2450,2900,2020-07-04,20.0765,275,420,860
0.74,0.121808,6.075134638,0.120472,2020-07-04,70.1758,2300,2450,2900,2020-07-04,20.0765,275,420,860
0.76,0.125062,6.076985815,0.123728,2020-07-04,70.1758,2300,2450,2900,2020-07-04,20.0765,275,420,860
0.78,0.128317,6.07869573,0.126984,2020-07-04,70.1758,2300,2450,2900,2020-07-04,20.0765,275,420,860
0.8,0.131571,6.080367254,0.13024,2020-07-04,70.1758,2300,2450,2900,2020-07-04,20.0765,275,420,860
0.82,0.134825,6.081958094,0.133496,2020-07-04,70.1758,2300,2450,2900,2020-07-04,20.0765,275,420,860
0.84,0.13808,6.083429896,0.136752,2020-07-04,70.1758,2300,2450,2900,2020-07-04,20.0765,275,420,860
0.86,0.141334,6.084876958,0.140008,2020-07-04,70.1758,2300,2450,2900,2020-07-04,20.0765,275,420,860
0.88,0.144588,6.086258887,0.143264,2020-07-04,70.1758,2300,2450,2900,2020-07-04,20.0765,275,420,860
0.9,0.147843,6.087538808,0.14652,2020-07-04,70.1758,2300,2450,2900,2020-07-04,20.0765,275,420,860
0.92,0.151097,6.088803881,0.149776,2020-07-04,70.1758,2300,2450,2900,2020-07-04,20.0765,275,420,860
0.94,0.154351,6.090015614,0.153032,2020-07-04,70.1758,2300,2450,2900,2020-07-04,20.0765,275,420,860
0.96,0.157606,6.091138662,0.156288,2020-07-04,70.1758,2300,2450,2900,2020-07-04,20.0765,275,420,860
0.98,0.16086,6.092254134,0.159544,2020-07-04,70.1758,2300,2450,2900,2020-07-04,20.0765,275,420,860
1,0.164114,6.093325371,0.1628,2020-07-04,70.1758,2300,2450,2900,2020-07-04,20.0765,275,420,860
1.02,0.167369,6.094318542,0.166056,2020-07-04,70.1758,2300,2450,2900,2020-07-04,20.0765,275,420,860
1.04,0.170623,6.095309542,0.169312,2020-07-04,70.1758,2300,2450,2900,2020-07-04,20.0765,275,420,860
1.06,0.173877,6.096263451,0.172568,2020-07-04,70.1758,2300,2450,2900,2020-07-04,20.0765,275,420,860
1.08,0.177131,6.097182311,0.175824,2020-07-04,70.1758,2300,2450,2900,2020-07-04,20.0765,275,420,860
1.1,0.180386,6.098034216,0.17908,2020-07-04,70.1758,2300,2450,2900,2020-07-04,20.0765,275,420,860
1.12,0.18364,6.098889131,0.182336,2020-07-04,70.1758,2300,2450,2900,2020-07-04,20.0765,275,420,860
1.14,0.186894,6.099714277,0.185592,2020-07-04,70.1758,2300,2450,2900,2020-07-04,20.0765,275,420,860
1.16,0.190149,6.100479098,0.188848,2020-07-04,70.1758,2300,2450,2900,2020-07-04,20.0765,275,420,860
1.18,0.193403,6.101249722,0.192104,2020-07-04,70.1758,2300,2450,2900,2020-07-04,20.0765,275,420,860
1.2,0.196657,6.101994844,0.19536,2020-07-04,70.1758,2300,2450,2900,2020-07-04,20.0765,275,420,860
1.22,0.199912,6.102685181,0.198616,2020-07-04,70.1758,2300,2450,2900,2020-07-04,20.0765,275,420,860
1.24,0.203166,6.10338344,0.201872,2020-07-04,70.1758,2300,2450,2900,2020-07-04,20.0765,275,420,860
1.26,0.20642,6.104059684,0.205128,2020-07-04,70.1758,2300,2450,2900,2020-07-04,20.0765,275,420,860
1.28,0.209674,6.104714938,0.208384,2020-07-04,70.1758,2300,2450,2900,2020-07-04,20.0765,275,420,860
1.3,0.212929,6.105321492,0.21164,2020-07-04,70.1758,2300,2450,2900,2020-07-04,20.0765,275,420,860
1.32,0.216183,6.105938025,0.214896,2020-07-04,70.1758,2300,2450,2900,2020-07-04,20.0765,275,420,860
1.34,0.219437,6.106536272,0.218152,2020-07-04,70.1758,2300,2450,2900,2020-07-04,20.0765,275,420,860
1.36,0.222692,6.107089613,0.221408,2020-07-04,70.1758,2300,2450,2900,2020-07-04,20.0765,275,420,860
1.38,0.225946,6.107654041,0.224664,2020-07-04,70.1758,2300,2450,2900,2020-07-04,20.0765,275,420,860
1.4,0.2292,6.108202443,0.22792,2020-07-04,70.1758,2300,2450,2900,2020-07-04,20.0765,275,420,860
1.42,0.232454,6.108735492,0.231176,2020-07-04,70.1758,2300,2450,2900,2020-07-04,20.0765,275,420,860
1.44,0.235709,6.109227904,0.234432,2020-07-04,70.1758,2300,2450,2900,2020-07-04,20.0765,275,420,860
1.46,0.238963,6.109732469,0.237688,2020-07-04,70.1758,2300,2450,2900,2020-07-04,20.0765,275,420,860
1.48,0.242217,6.110223477,0.240944,2020-07-04,70.1758,2300,2450,2900,2020-07-04,20.0765,275,420,860
1.5,0.245471,6.110701468,0.2442,2020-07-04,70.1758,2300,2450,2900,2020-07-04,20.0765,275,420,860
1.52,0.248726,6.111142382,0.247456,2020-07-04,70.1758,2300,2450,2900,2020-07-04,20.0765,275,420,860
1.54,0.25198,6.111596158,0.250712,2020-07-04,70.1758,2300,2450,2900,2020-07-04,20.0765,275,420,860
1.56,0.255234,6.112038365,0.253968,2020-07-04,70.1758,2300,2450,2900,2020-07-04,20.0765,275,420,860
1.58,0.258488,6.112469438,0.257224,2020-07-04,70.1758,2300,2450,2900,2020-07-04,20.0765,275,420,860
1.6,0.261743,6.112866438,0.26048,2020-07-04,70.1758,2300,2450,2900,2020-07-04,20.0765,275,420,860
1.62,0.264997,6.113276754,0.263736,2020-07-04,70.1758,2300,2450,2900,2020-07-04,20.0765,275,420,860
1.64,0.268251,6.113677116,0.266992,2020-07-04,70.1758,2300,2450,2900,2020-07-04,20.0765,275,420,860
1.66,0.271505,6.114067881,0.270248,2020-07-04,70.1758,2300,2450,2900,2020-07-04,20.0765,275,420,860
1.68,0.27476,6.114427136,0.273504,2020-07-04,70.1758,2300,2450,2900,2020-07-04,20.0765,275,420,860
1.7,0.278014,6.114799974,0.27676,2020-07-04,70.1758,2300,2450,2900,2020-07-04,20.0765,275,420,860
1.72,0.281268,6.115164185,0.280016,2020-07-04,70.1758,2300,2450,2900,2020-07-04,20.0765,275,420,860
1.74,0.284522,6.115520065,0.283272,2020-07-04,70.1758,2300,2450,2900,2020-07-04,20.0765,275,420,860
1.76,0.287777,6.115846645,0.286528,2020-07-04,70.1758,2300,2450,2900,2020-07-04,20.0765,275,420,860
1.78,0.291031,6.116186935,0.289784,2020-07-04,70.1758,2300,2450,2900,2020-07-04,20.0765,275,420,860
1.8,0.294285,6.1165197,0.29304,2020-07-04,70.1758,2300,2450,2900,2020-07-04,20.0765,275,420,860
1.82,0.297539,6.116845187,0.296296,2020-07-04,70.1758,2300,2450,2900,2020-07-04,20.0765,275,420,860
1.84,0.300794,6.117143294,0.299552,2020-07-04,70.1758,2300,2450,2900,2020-07-04,20.0765,275,420,860
1.86,0.304048,6.117455139,0.302808,2020-07-04,70.1758,2300,2450,2900,2020-07-04,20.0765,275,420,860
1.88,0.307302,6.117760379,0.306064,2020-07-04,70.1758,2300,2450,2900,2020-07-04,20.0765,275,420,860
1.9,0.310556,6.118059223,0.30932,2020-07-04,70.1758,2300,2450,2900,2020-07-04,20.0765,275,420,860
1.92,0.31381,6.118351869,0.312576,2020-07-04,70.1758,2300,2450,2900,2020-07-04,20.0765,275,420,860
1.94,0.317065,6.118619211,0.315832,2020-07-04,70.1758,2300,2450,2900,2020-07-04,20.0765,275,420,860
1.96,0.320319,6.118900221,0.319088,2020-07-04,70.1758,2300,2450,2900,2020-07-04,20.0765,275,420,860
1.98,0.323573,6.11917558,0.322344,2020-07-04,70.1758,2300,2450,2900,2020-07-04,20.0765,275,420,860
2,0.326827,6.119445456,0.3256,2020-07-04,70.1758,2300,2450,2900,2020-07-04,20.0765,275,420,860
2.02,0.330081,6.119710011,0.328856,2020-07-04,70.1758,2300,2450,2900,2020-07-04,20.0765,275,420,860
2.04,0.333336,6.11995104,0.332112,2020-07-04,70.1758,2300,2450,2900,2020-07-04,20.0765,275,420,860
2.06,0.33659,6.120205591,0.335368,2020-07-04,70.1758,2300,2450,2900,2020-07-04,20.0765,275,420,860
2.08,0.339844,6.120455268,0.338624,2020-07-04,70.1758,2300,2450,2900,2020-07-04,20.0765,275,420,860
2.1,0.343098,6.120700208,0.34188,2020-07-04,70.1758,2300,2450,2900,2020-07-04,20.0765,275,420,860
2.12,0.346352,6.120940546,0.345136,2020-07-04,70.1758,2300,2450,2900,2020-07-04,20.0765,275,420,860
2.14,0.349606,6.12117641,0.348392,2020-07-04,70.1758,2300,2450,2900,2020-07-04,20.0765,275,420,860
2.16,0.352861,6.121390576,0.351648,2020-07-04,70.1758,2300,2450,2900,2020-07-04,20.0765,275,420,860
2.18,0.356115,6.121618017,0.354904,2020-07-04,70.1758,2300,2450,2900,2020-07-04,20.0765,275,420,860
2.2,0.359369,6.121841339,0.35816,2020-07-04,70.1758,2300,2450,2900,2020-07-04,20.0765,275,420,860
2.22,0.362623,6.122060653,0.361416,2020-07-04,70.1758,2300,2450,2900,2020-07-04,20.0765,275,420,860
2.24,0.365877,6.122276065,0.364672,2020-07-04,70.1758,2300,2450,2900,2020-07-04,20.0765,275,420,860
2.26,0.369132,6.122471094,0.367928,2020-07-04,70.1758,2300,2450,2900,2020-07-04,20.0765,275,420,860
2.28,0.372386,6.122679155,0.371184,2020-07-04,70.1758,2300,2450,2900,2020-07-04,20.0765,275,420,860
2.3,0.37564,6.122883612,0.37444,2020-07-04,70.1758,2300,2450,2900,2020-07-04,20.0765,275,420,860
2.32,0.378894,6.123084557,0.377696,2020-07-04,70.1758,2300,2450,2900,2020-07-04,20.0765,275,420,860
2.34,0.382148,6.123282079,0.380952,2020-07-04,70.1758,2300,2450,2900,2020-07-04,20.0765,275,420,860
2.36,0.385402,6.123476266,0.384208,2020-07-04,70.1758,2300,2450,2900,2020-07-04,20.0765,275,420,860
2.38,0.388656,6.123667202,0.387464,2020-07-04,70.1758,2300,2450,2900,2020-07-04,20.0765,275,420,860
2.4,0.391911,6.123839341,0.39072,2020-07-04,70.1758,2300,2450,2900,2020-07-04,20.0765,275,420,860
2.42,0.395165,6.124024142,0.393976,2020-07-04,70.1758,2300,2450,2900,2020-07-04,20.0765,275,420,860
2.44,0.398419,6.124205924,0.397232,2020-07-04,70.1758,2300,2450,2900,2020-07-04,20.0765,275,420,860
2.46,0.401673,6.124384761,0.400488,2020-07-04,70.1758,2300,2450,2900,2020-07-04,20.0765,275,420,860
2.48,0.404927,6.124560723,0.403744,2020-07-04,70.1758,2300,2450,2900,2020-07-04,20.0765,275,420,860
2.5,0.408181,6.12473388,0.407,2020-07-04,70.1758,2300,2450,2900,2020-07-04,20.0765,275,420,860
2.52,0.411435,6.124904298,0.410256,2020-07-04,70.1758,2300,2450,2900,2020-07-04,20.0765,275,420,860
2.54,0.41469,6.125057272,0.413512,2020-07-04,70.1758,2300,2450,2900,2020-07-04,20.0765,275,420,860
2.56,0.417944,6.125222518,0.416768,2020-07-04,70.1758,2300,2450,2900,2020-07-04,20.0765,275,420,860
2.58,0.421198,6.125385211,0.420024,2020-07-04,70.1758,2300,2450,2900,2020-07-04,20.0765,275,420,860
2.6,0.424452,6.125545409,0.42328,2020-07-04,70.1758,2300,2450,2900,2020-07-04,20.0765,275,420,860
2.62,0.427706,6.12570317,0.426536,2020-07-04,70.1758,2300,2450,2900,2020-07-04,20.0765,275,420,860
2.64,0.43096,6.125858548,0.429792,2020-07-04,70.1758,2300,2450,2900,2020-07-04,20.0765,275,420,860
2.66,0.434214,6.126011598,0.433048,2020-07-04,70.1758,2300,2450,2900,2020-07-04,20.0765,275,420,860
2.68,0.437468,6.126162371,0.436304,2020-07-04,70.1758,2300,2450,2900,2020-07-04,20.0765,275,420,860
2.7,0.440723,6.126297016,0.43956,2020-07-04,70.1758,2300,2450,2900,2020-07-04,20.0765,275,420,860
2.72,0.443977,6.126443487,0.442816,2020-07-04,70.1758,2300,2450,2900,2020-07-04,20.0765,275,420,860
2.74,0.447231,6.126587826,0.446072,2020-07-04,70.1758,2300,2450,2900,2020-07-04,20.0765,275,420,860
2.76,0.450485,6.12673008,0.449328,2020-07-04,70.1758,2300,2450,2900,2020-07-04,20.0765,275,420,860
2.78,0.453739,6.126870293,0.452584,2020-07-04,70.1758,2300,2450,2900,2020-07-04,20.0765,275,420,860
2.8,0.456993,6.12700851,0.45584,2020-07-04,70.1758,2300,2450,2900,2020-07-04,20.0765,275,420,860
2.82,0.460247,6.127144772,0.459096,2020-07-04,70.1758,2300,2450,2900,2020-07-04,20.0765,275,420,860
2.84,0.463501,6.127279121,0.462352,2020-07-04,70.1758,2300,2450,2900,2020-07-04,20.0765,275,420,860
2.86,0.466755,6.127411597,0.465608,2020-07-04,70.1758,2300,2450,2900,2020-07-04,20.0765,275,420,860
2.88,0.470009,6.127542239,0.468864,2020-07-04,70.1758,2300,2450,2900,2020-07-04,20.0765,275,420,860
2.9,0.473263,6.127671084,0.47212,2020-07-04,70.1758,2300,2450,2900,2020-07-04,20.0765,275,420,860
2.92,0.476518,6.127785309,0.475376,2020-07-04,70.1758,2300,2450,2900,2020-07-04,20.0765,275,420,860
2.94,0.479772,6.127910758,0.478632,2020-07-04,70.1758,2300,2450,2900,2020-07-04,20.0765,275,420,860
2.96,0.483026,6.128034516,0.481888,2020-07-04,70.1758,2300,2450,2900,2020-07-04,20.0765,275,420,860
2.98,0.48628,6.128156618,0.485144,2020-07-04,70.1758,2300,2450,2900,2020-07-04,20.0765,275,420,860
3,0.489534,6.128277096,0.4884,2020-07-04,70.1758,2300,2450,2900,2020-07-04,20.0765,275,420,860
3.02,0.492788,6.128395984,0.491656,2020-07-04,70.1758,2300,2450,2900,2020-07-04,20.0765,275,420,860
3.04,0.496042,6.128513311,0.494912,2020-07-04,70.1758,2300,2450,2900,2020-07-04,20.0765,275,420,860
3.06,0.499296,6.12862911,0.498168,2020-07-04,70.1758,2300,2450,2900,2020-07-04,20.0765,275,420,860
3.08,0.50255,6.128743409,0.501424,2020-07-04,70.1758,2300,2450,2900,2020-07-04,20.0765,275,420,860
3.1,0.505804,6.128856237,0.50468,2020-07-04,70.1758,2300,2450,2900,2020-07-04,20.0765,275,420,860
3.12,0.509058,6.128967623,0.507936,2020-07-04,70.1758,2300,2450,2900,2020-07-04,20.0765,275,420,860
3.14,0.512312,6.129077593,0.511192,2020-07-04,70.1758,2300,2450,2900,2020-07-04,20.0765,275,420,860
3.16,0.515566,6.129186176,0.514448,2020-07-04,70.1758,2300,2450,2900,2020-07-04,20.0765,275,420,860
3.18,0.51882,6.129293397,0.517704,2020-07-04,70.1758,2300,2450,2900,2020-07-04,20.0765,275,420,860
3.2,0.522074,6.129399281,0.52096,2020-07-04,70.1758,2300,2450,2900,2020-07-04,20.0765,275,420,860
3.22,0.525329,6.129492185,0.524216,2020-07-04,70.1758,2300,2450,2900,2020-07-04,20.0765,275,420,860
3.24,0.528583,6.129595541,0.527472,2020-07-04,70.1758,2300,2450,2900,2020-07-04,20.0765,275,420,860
3.26,0.531837,6.129697633,0.530728,2020-07-04,70.1758,2300,2450,2900,2020-07-04,20.0765,275,420,860
3.28,0.535091,6.129798483,0.533984,2020-07-04,70.1758,2300,2450,2900,2020-07-04,20.0765,275,420,860
3.3,0.538345,6.129898114,0.53724,2020-07-04,70.1758,2300,2450,2900,2020-07-04,20.0765,275,420,860
3.32,0.541599,6.129996547,0.540496,2020-07-04,70.1758,2300,2450,2900,2020-07-04,20.0765,275,420,860
3.34,0.544853,6.130093805,0.543752,2020-07-04,70.1758,2300,2450,2900,2020-07-04,20.0765,275,420,860
3.36,0.548107,6.130189908,0.547008,2020-07-04,70.1758,2300,2450,2900,2020-07-04,20.0765,275,420,860
3.38,0.551361,6.130284877,0.550264,2020-07-04,70.1758,2300,2450,2900,2020-07-04,20.0765,275,420,860
3.4,0.554615,6.130378731,0.55352,2020-07-04,70.1758,2300,2450,2900,2020-07-04,20.0765,275,420,860
3.42,0.557869,6.130471491,0.556776,2020-07-04,70.1758,2300,2450,2900,2020-07-04,20.0765,275,420,860
3.44,0.561123,6.130563174,0.560032,2020-07-04,70.1758,2300,2450,2900,2020-07-04,20.0765,275,420,860
3.46,0.564377,6.130653801,0.563288,2020-07-04,70.1758,2300,2450,2900,2020-07-04,20.0765,275,420,860
3.48,0.567631,6.130743388,0.566544,2020-07-04,70.1758,2300,2450,2900,2020-07-04,20.0765,275,420,860
3.5,0.570885,6.130831954,0.5698,2020-07-04,70.1758,2300,2450,2900,2020-07-04,20.0765,275,420,860
3.52,0.574139,6.130919516,0.573056,2020-07-04,70.1758,2300,2450,2900,2020-07-04,20.0765,275,420,860
3.54,0.577393,6.131006091,0.576312,2020-07-04,70.1758,2300,2450,2900,2020-07-04,20.0765,275,420,860
3.56,0.580647,6.131091696,0.579568,2020-07-04,70.1758,2300,2450,2900,2020-07-04,20.0765,275,420,860
3.58,0.583901,6.131176347,0.582824,2020-07-04,70.1758,2300,2450,2900,2020-07-04,20.0765,275,420,860
3.6,0.587155,6.131260059,0.58608,2020-07-04,70.1758,2300,2450,2900,2020-07-04,20.0765,275,420,860
3.62,0.590409,6.131342849,0.589336,2020-07-04,70.1758,2300,2450,2900,2020-07-04,20.0765,275,420,860
3.64,0.593663,6.131424731,0.592592,2020-07-04,70.1758,2300,2450,2900,2020-07-04,20.0765,275,420,860
3.66,0.596917,6.13150572,0.595848,2020-07-04,70.1758,2300,2450,2900,2020-07-04,20.0765,275,420,860
3.68,0.600171,6.131585831,0.599104,2020-07-04,70.1758,2300,2450,2900,2020-07-04,20.0765,275,420,860
3.7,0.603425,6.131665079,0.60236,2020-07-04,70.1758,2300,2450,2900,2020-07-04,20.0765,275,420,860
3.72,0.606679,6.131743476,0.605616,2020-07-04,70.1758,2300,2450,2900,2020-07-04,20.0765,275,420,860
3.74,0.609933,6.131821036,0.608872,2020-07-04,70.1758,2300,2450,2900,2020-07-04,20.0765,275,420,860
3.76,0.613187,6.131897773,0.612128,2020-07-04,70.1758,2300,2450,2900,2020-07-04,20.0765,275,420,860
3.78,0.616441,6.131973701,0.615384,2020-07-04,70.1758,2300,2450,2900,2020-07-04,20.0765,275,420,860
3.8,0.619695,6.13204883,0.61864,2020-07-04,70.1758,2300,2450,2900,2020-07-04,20.0765,275,420,860
3.82,0.622949,6.132123175,0.621896,2020-07-04,70.1758,2300,2450,2900,2020-07-04,20.0765,275,420,860
3.84,0.626203,6.132196748,0.625152,2020-07-04,70.1758,2300,2450,2900,2020-07-04,20.0765,275,420,860
3.86,0.629457,6.132269559,0.628408,2020-07-04,70.1758,2300,2450,2900,2020-07-04,20.0765,275,420,860
3.88,0.632711,6.132341622,0.631664,2020-07-04,70.1758,2300,2450,2900,2020-07-04,20.0765,275,420,860
3.9,0.635964,6.13242259,0.63492,2020-07-04,70.1758,2300,2450,2900,2020-07-04,20.0765,275,420,860
3.92,0.639218,6.13249314,0.638176,2020-07-04,70.1758,2300,2450,2900,2020-07-04,20.0765,275,420,860
3.94,0.642472,6.132562976,0.641432,2020-07-04,70.1758,2300,2450,2900,2020-07-04,20.0765,275,420,860
3.96,0.645726,6.132632107,0.644688,2020-07-04,70.1758,2300,2450,2900,2020-07-04,20.0765,275,420,860
3.98,0.64898,6.132700545,0.647944,2020-07-04,70.1758,2300,2450,2900,2020-07-04,20.0765,275,420,860
4,0.652234,6.132768301,0.6512,2020-07-04,70.1758,2300,2450,2900,2020-07-04,20.0765,275,420,860
4.02,0.655488,6.132835384,0.654456,2020-07-04,70.1758,2300,2450,2900,2020-07-04,20.0765,275,420,860
4.04,0.658742,6.132901804,0.657712,2020-07-04,70.1758,2300,2450,2900,2020-07-04,20.0765,275,420,860
4.06,0.661996,6.132967571,0.660968,2020-07-04,70.1758,2300,2450,2900,2020-07-04,20.0765,275,420,860
4.08,0.66525,6.133032694,0.664224,2020-07-04,70.1758,2300,2450,2900,2020-07-04,20.0765,275,420,860
4.1,0.668504,6.133097184,0.66748,2020-07-04,70.1758,2300,2450,2900,2020-07-04,20.0765,275,420,860
4.12,0.671758,6.133161049,0.670736,2020-07-04,70.1758,2300,2450,2900,2020-07-04,20.0765,275,420,860
4.14,0.675012,6.133224298,0.673992,2020-07-04,70.1758,2300,2450,2900,2020-07-04,20.0765,275,420,860
4.16,0.678266,6.133286941,0.677248,2020-07-04,70.1758,2300,2450,2900,2020-07-04,20.0765,275,420,860
4.18,0.68152,6.133348985,0.680504,2020-07-04,70.1758,2300,2450,2900,2020-07-04,20.0765,275,420,860
4.2,0.684774,6.133410439,0.68376,2020-07-04,70.1758,2300,2450,2900,2020-07-04,20.0765,275,420,860
4.22,0.688027,6.133480227,0.687016,2020-07-04,70.1758,2300,2450,2900,2020-07-04,20.0765,275,420,860
4.24,0.691281,6.133540485,0.690272,2020-07-04,70.1758,2300,2450,2900,2020-07-04,20.0765,275,420,860
4.26,0.694535,6.133600179,0.693528,2020-07-04,70.1758,2300,2450,2900,2020-07-04,20.0765,275,420,860
4.28,0.697789,6.133659315,0.696784,2020-07-04,70.1758,2300,2450,2900,2020-07-04,20.0765,275,420,860
4.3,0.701043,6.133717903,0.70004,2020-07-04,70.1758,2300,2450,2900,2020-07-04,20.0765,275,420,860
4.32,0.704297,6.13377595,0.703296,2020-07-04,70.1758,2300,2450,2900,2020-07-04,20.0765,275,420,860
4.34,0.707551,6.133833462,0.706552,2020-07-04,70.1758,2300,2450,2900,2020-07-04,20.0765,275,420,860
4.36,0.710805,6.133890448,0.709808,2020-07-04,70.1758,2300,2450,2900,2020-07-04,20.0765,275,420,860
4.38,0.714059,6.133946915,0.713064,2020-07-04,70.1758,2300,2450,2900,2020-07-04,20.0765,275,420,860
4.4,0.717313,6.134002869,0.71632,2020-07-04,70.1758,2300,2450,2900,2020-07-04,20.0765,275,420,860
4.42,0.720566,6.134066831,0.719576,2020-07-04,70.1758,2300,2450,2900,2020-07-04,20.0765,275,420,860
4.44,0.72382,6.134121743,0.722832,2020-07-04,70.1758,2300,2450,2900,2020-07-04,20.0765,275,420,860
4.46,0.727074,6.134176164,0.726088,2020-07-04,70.1758,2300,2450,2900,2020-07-04,20.0765,275,420,860
4.48,0.730328,6.134230099,0.729344,2020-07-04,70.1758,2300,2450,2900,2020-07-04,20.0765,275,420,860
4.5,0.733582,6.134283557,0.7326,2020-07-04,70.1758,2300,2450,2900,2020-07-04,20.0765,275,420,860
4.52,0.736836,6.134336542,0.735856,2020-07-04,70.1758,2300,2450,2900,2020-07-04,20.0765,275,420,860
4.54,0.74009,6.134389061,0.739112,2020-07-04,70.1758,2300,2450,2900,2020-07-04,20.0765,275,420,860
4.56,0.743344,6.13444112,0.742368,2020-07-04,70.1758,2300,2450,2900,2020-07-04,20.0765,275,420,860
4.58,0.746598,6.134492726,0.745624,2020-07-04,70.1758,2300,2450,2900,2020-07-04,20.0765,275,420,860
4.6,0.749851,6.134552064,0.74888,2020-07-04,70.1758,2300,2450,2900,2020-07-04,20.0765,275,420,860
4.62,0.753105,6.134602745,0.752136,2020-07-04,70.1758,2300,2450,2900,2020-07-04,20.0765,275,420,860
4.64,0.756359,6.134652989,0.755392,2020-07-04,70.1758,2300,2450,2900,2020-07-04,20.0765,275,420,860
4.66,0.759613,6.134702803,0.758648,2020-07-04,70.1758,2300,2450,2900,2020-07-04,20.0765,275,420,860
4.68,0.762867,6.134752191,0.761904,2020-07-04,70.1758,2300,2450,2900,2020-07-04,20.0765,275,420,860
4.7,0.766121,6.134801161,0.76516,2020-07-04,70.1758,2300,2450,2900,2020-07-04,20.0765,275,420,860
4.72,0.769375,6.134849716,0.768416,2020-07-04,70.1758,2300,2450,2900,2020-07-04,20.0765,275,420,860
4.74,0.772628,6.134905802,0.771672,2020-07-04,70.1758,2300,2450,2900,2020-07-04,20.0765,275,420,860
4.76,0.775882,6.134953511,0.774928,2020-07-04,70.1758,2300,2450,2900,2020-07-04,20.0765,275,420,860
4.78,0.779136,6.135000821,0.778184,2020-07-04,70.1758,2300,2450,2900,2020-07-04,20.0765,275,420,860
4.8,0.78239,6.135047738,0.78144,2020-07-04,70.1758,2300,2450,2900,2020-07-04,20.0765,275,420,860
4.82,0.785644,6.135094267,0.784696,2020-07-04,70.1758,2300,2450,2900,2020-07-04,20.0765,275,420,860
4.84,0.788898,6.135140411,0.787952,2020-07-04,70.1758,2300,2450,2900,2020-07-04,20.0765,275,420,860
4.86,0.792151,6.135193921,0.791208,2020-07-04,70.1758,2300,2450,2900,2020-07-04,20.0765,275,420,860
4.88,0.795405,6.135239281,0.794464,2020-07-04,70.1758,2300,2450,2900,2020-07-04,20.0765,275,420,860
4.9,0.798659,6.13528427,0.79772,2020-07-04,70.1758,2300,2450,2900,2020-07-04,20.0765,275,420,860
4.92,0.801913,6.135328895,0.800976,2020-07-04,70.1758,2300,2450,2900,2020-07-04,20.0765,275,420,860
4.94,0.805167,6.135373159,0.804232,2020-07-04,70.1758,2300,2450,2900,2020-07-04,20.0765,275,420,860
4.96,0.808421,6.135417066,0.807488,2020-07-04,70.1758,2300,2450,2900,2020-07-04,20.0765,275,420,860
4.98,0.811674,6.135468181,0.810744,2020-07-04,70.1758,2300,2450,2900,2020-07-04,20.0765,275,420,860
5,0.814928,6.135511358,0.814,2020-07-04,70.1758,2300,2450,2900,2020-07-04,20.0765,275,420,860
5.02,0.818182,6.135554192,0.817256,2020-07-04,70.1758,2300,2450,2900,2020-07-04,20.0765,275,420,860
5.04,0.821436,6.135596687,0.820512,2020-07-04,70.1758,2300,2450,2900,2020-07-04,20.0765,275,420,860
5.06,0.82469,6.135638846,0.823768,2020-07-04,70.1758,2300,2450,2900,2020-07-04,20.0765,275,420,860
5.08,0.827943,6.135688085,0.827024,2020-07-04,70.1758,2300,2450,2900,2020-07-04,20.0765,275,420,860
5.1,0.831197,6.135729556,0.83028,2020-07-04,70.1758,2300,2450,2900,2020-07-04,20.0765,275,420,860
5.12,0.834451,6.135770704,0.833536,2020-07-04,70.1758,2300,2450,2900,2020-07-04,20.0765,275,420,860
5.14,0.837705,6.135811533,0.836792,2020-07-04,70.1758,2300,2450,2900,2020-07-04,20.0765,275,420,860
5.16,0.840959,6.135852045,0.840048,2020-07-04,70.1758,2300,2450,2900,2020-07-04,20.0765,275,420,860
5.18,0.844212,6.135899513,0.843304,2020-07-04,70.1758,2300,2450,2900,2020-07-04,20.0765,275,420,860
5.2,0.847466,6.135939377,0.84656,2020-07-04,70.1758,2300,2450,2900,2020-07-04,20.0765,275,420,860
5.22,0.85072,6.135978935,0.849816,2020-07-04,70.1758,2300,2450,2900,2020-07-04,20.0765,275,420,860
5.24,0.853974,6.136018193,0.853072,2020-07-04,70.1758,2300,2450,2900,2020-07-04,20.0765,275,420,860
5.26,0.857228,6.136057152,0.856328,2020-07-04,70.1758,2300,2450,2900,2020-07-04,20.0765,275,420,860
5.28,0.860481,6.136102947,0.859584,2020-07-04,70.1758,2300,2450,2900,2020-07-04,20.0765,275,420,860
5.3,0.863735,6.136141293,0.86284,2020-07-04,70.1758,2300,2450,2900,2020-07-04,20.0765,275,420,860
5.32,0.866989,6.136179352,0.866096,2020-07-04,70.1758,2300,2450,2900,2020-07-04,20.0765,275,420,860
5.34,0.870243,6.136217126,0.869352,2020-07-04,70.1758,2300,2450,2900,2020-07-04,20.0765,275,420,860
5.36,0.873496,6.136261643,0.872608,2020-07-04,70.1758,2300,2450,2900,2020-07-04,20.0765,275,420,860
5.38,0.87675,6.136298831,0.875864,2020-07-04,70.1758,2300,2450,2900,2020-07-04,20.0765,275,420,860
5.4,0.880004,6.136335744,0.87912,2020-07-04,70.1758,2300,2450,2900,2020-07-04,20.0765,275,420,860
5.42,0.883258,6.136372385,0.882376,2020-07-04,70.1758,2300,2450,2900,2020-07-04,20.0765,275,420,860
5.44,0.886511,6.136415679,0.885632,2020-07-04,70.1758,2300,2450,2900,2020-07-04,20.0765,275,420,860
5.46,0.889765,6.13645176,0.888888,2020-07-04,70.1758,2300,2450,2900,2020-07-04,20.0765,275,420,860
5.48,0.893019,6.136487578,0.892144,2020-07-04,70.1758,2300,2450,2900,2020-07-04,20.0765,275,420,860
5.5,0.896273,6.136523135,0.8954,2020-07-04,70.1758,2300,2450,2900,2020-07-04,20.0765,275,420,860
5.52,0.899526,6.136565258,0.898656,2020-07-04,70.1758,2300,2450,2900,2020-07-04,20.0765,275,420,860
5.54,0.90278,6.136600279,0.901912,2020-07-04,70.1758,2300,2450,2900,2020-07-04,20.0765,275,420,860
5.56,0.906034,6.136635049,0.905168,2020-07-04,70.1758,2300,2450,2900,2020-07-04,20.0765,275,420,860
5.58,0.909288,6.13666957,0.908424,2020-07-04,70.1758,2300,2450,2900,2020-07-04,20.0765,275,420,860
5.6,0.912541,6.13671057,0.91168,2020-07-04,70.1758,2300,2450,2900,2020-07-04,20.0765,275,420,860
5.62,0.915795,6.136744577,0.914936,2020-07-04,70.1758,2300,2450,2900,2020-07-04,20.0765,275,420,860
5.64,0.919049,6.136778344,0.918192,2020-07-04,70.1758,2300,2450,2900,2020-07-04,20.0765,275,420,860
5.66,0.922303,6.136811872,0.921448,2020-07-04,70.1758,2300,2450,2900,2020-07-04,20.0765,275,420,860
5.68,0.925556,6.136851795,0.924704,2020-07-04,70.1758,2300,2450,2900,2020-07-04,20.0765,275,420,860
5.7,0.92881,6.136884831,0.92796,2020-07-04,70.1758,2300,2450,2900,2020-07-04,20.0765,275,420,860
5.72,0.932064,6.136917637,0.931216,2020-07-04,70.1758,2300,2450,2900,2020-07-04,20.0765,275,420,860
5.74,0.935318,6.136950214,0.934472,2020-07-04,70.1758,2300,2450,2900,2020-07-04,20.0765,275,420,860
5.76,0.938571,6.136989104,0.937728,2020-07-04,70.1758,2300,2450,2900,2020-07-04,20.0766,275,420,860
5.78,0.941825,6.137021209,0.940984,2020-07-04,70.1758,2300,2450,2900,2020-07-04,20.0765,275,420,860
5.8,0.945079,6.137053093,0.94424,2020-07-04,70.1758,2300,2450,2900,2020-07-04,20.0765,275,420,860
5.82,0.948332,6.13709123,0.947496,2020-07-04,70.1758,2300,2450,2900,2020-07-04,20.0765,275,420,860
5.84,0.951586,6.137122656,0.950752,2020-07-04,70.1758,2300,2450,2900,2020-07-04,20.0765,275,420,860
5.86,0.95484,6.137153869,0.954008,2020-07-04,70.1759,2300,2450,2900,2020-07-04,20.0766,275,420,860
5.88,0.958093,6.137191275,0.957264,2020-07-04,70.1758,2300,2450,2900,2020-07-04,20.0765,275,420,860
5.9,0.961347,6.137222044,0.96052,2020-07-04,70.1758,2300,2450,2900,2020-07-04,20.0765,275,420,860
5.92,0.964601,6.137252605,0.963776,2020-07-04,70.1758,2300,2450,2900,2020-07-04,20.0765,275,420,860
5.94,0.967855,6.137282961,0.967032,2020-07-04,70.1758,2300,2450,2900,2020-07-04,20.0765,275,420,860
5.96,0.971108,6.137319433,0.970288,2020-07-04,70.1758,2300,2450,2900,2020-07-04,20.0765,275,420,860
5.98,0.974362,6.137349363,0.973544,2020-07-04,70.1758,2300,2450,2900,2020-07-04,20.0765,275,420,860
6,0.977616,6.137379094,0.9768,2020-07-04,70.1758,2300,2450,2900,2020-07-04,20.0765,275,420,860
6.02,0.980869,6.137414884,0.980056,2020-07-04,70.1758,2300,2450,2900,2020-07-04,20.0765,275,420,860
6.04,0.984123,6.137444202,0.983312,2020-07-04,70.1758,2300,2450,2900,2020-07-04,20.0765,275,420,860
6.06,0.987377,6.137473326,0.986568,2020-07-04,70.1758,2300,2450,2900,2020-07-04,20.0765,275,420,860
6.08,0.99063,6.137508454,0.989824,2020-07-04,70.1758,2300,2450,2900,2020-07-04,20.0765,275,420,860
6.1,0.993884,6.137537177,0.99308,2020-07-04,70.1758,2300,2450,2900,2020-07-04,20.0765,275,420,860
6.12,0.997138,6.137565713,0.996336,2020-07-04,70.1758,2300,2450,2900,2020-07-04,20.0765,275,420,860
6.14,1.00039,6.137606334,0.999592,2020-07-04,70.1758,2300,2450,2900,2020-07-04,20.0765,275,420,860
6.16,1.00365,6.137597768,1.002848,2020-07-04,70.1758,2300,2450,2900,2020-07-04,20.0765,275,420,860
6.18,1.0069,6.137650214,1.006104,2020-07-04,70.1758,2300,2450,2900,2020-07-04,20.0765,275,420,860
6.2,1.01015,6.137702321,1.00936,2020-07-04,70.1758,2300,2450,2900,2020-07-04,20.0765,275,420,860
6.22,1.01341,6.13769353,1.012616,2020-07-04,70.1758,2300,2450,2900,2020-07-04,20.0765,275,420,860
6.24,1.01666,6.137745166,1.015872,2020-07-04,70.1758,2300,2450,2900,2020-07-04,20.0765,275,420,860
6.26,1.01991,6.137796472,1.019128,2020-07-04,70.1758,2300,2450,2900,2020-07-04,20.0765,275,420,860
6.28,1.02317,6.137787464,1.022384,2020-07-04,70.1758,2300,2450,2900,2020-07-04,20.0765,275,420,860
6.3,1.02642,6.137838312,1.02564,2020-07-04,73.9814,2300,2450,2900,2020-07-04,20.0765,275,420,860
6.32,1.02967,6.137888838,1.028896,2021-01-04,79.4994,2300,2450,2900,2021-01-04,20.2375,275,420,860
6.34,1.03293,6.137879624,1.032152,2021-01-15,85.7462,2300,2450,2900,2021-01-15,21.8251,275,420,860
6.36,1.03618,6.137929703,1.035408,2021-01-24,92.7069,2300,2450,2900,2021-01-24,23.5937,275,420,860
6.38,1.03944,6.137920419,1.038664,2021-01-31,100.37,2300,2450,2900,2021-01-31,25.5403,275,420,860
6.4,1.04269,6.137970058,1.04192,2021-02-06,108.722,2300,2450,2900,2021-02-06,27.6613,275,420,860
6.42,1.04594,6.138019389,1.045176,2021-02-10,117.753,2300,2450,2900,2021-02-10,29.9538,275,420,860
6.44,1.0492,6.138009912,1.048432,2021-02-14,127.448,2300,2450,2900,2021-02-14,32.4144,275,420,860
6.46,1.05245,6.138058815,1.051688,2021-02-15,137.798,2300,2450,2900,2021-02-15,35.0395,275,420,860
6.48,1.0557,6.138107417,1.054944,2021-02-15,148.788,2300,2450,2900,2021-02-15,37.8214,275,420,860
6.5,1.05896,6.138097756,1.0582,2021-02-15,160.407,2300,2450,2900,2021-02-15,40.7606,275,420,860
6.52,1.06221,6.138145941,1.061456,2021-02-15,172.648,2300,2450,2900,2021-02-15,43.8584,275,420,860
6.54,1.06546,6.138193832,1.064712,2021-02-15,185.494,2300,2450,2900,2021-02-15,47.1114,275,420,860
6.56,1.06872,6.138183996,1.067968,2021-02-15,198.931,2300,2450,2900,2021-02-15,50.5168,275,420,860
6.58,1.07197,6.13823148,1.071224,2021-02-15,212.958,2300,2450,2900,2021-02-15,54.0722,275,420,860
6.6,1.07523,6.13822159,1.07448,2021-02-15,227.553,2300,2450,2900,2021-02-15,57.7677,275,420,860
6.62,1.07848,6.138268674,1.077736,2021-02-14,242.712,2300,2450,2900,2021-02-14,61.5995,275,420,860
6.64,1.08173,6.138315476,1.080992,2021-02-13,258.423,2300,2450,2900,2021-02-13,65.5681,275,420,860
6.66,1.08499,6.138305422,1.084248,2021-02-11,274.682,2300,2450,2900,2021-02-11,69.6729,275,420,860
6.68,1.08824,6.138351834,1.087504,2021-02-09,291.459,2300,2450,2900,2021-02-09,73.9054,275,420,860
6.7,1.09149,6.13839797,1.09076,2021-02-07,308.758,2300,2450,2900,2021-02-07,78.2671,275,420,860
6.72,1.09475,6.13838776,1.094016,2021-02-06,326.564,2300,2450,2900,2021-02-06,82.754,275,420,860
6.74,1.098,6.138433515,1.097272,2021-02-04,344.866,2300,2450,2900,2021-02-04,87.3637,275,420,860
6.76,1.10125,6.138479001,1.100528,2021-02-02,363.658,2300,2450,2900,2021-02-02,92.0936,275,420,860
6.78,1.10451,6.138468642,1.103784,2021-01-31,382.934,2300,2450,2900,2021-01-31,96.9416,275,420,860
6.8,1.10776,6.138513757,1.10704,2021-01-29,402.675,2300,2450,2900,2021-01-29,101.903,275,420,860
6.82,1.11101,6.138558609,1.110296,2021-01-27,422.878,2300,2450,2900,2021-01-27,106.977,275,420,860
6.84,1.11427,6.138548108,1.113552,2021-01-25,443.527,2300,2450,2900,2021-01-25,112.159,275,420,860
6.86,1.11752,6.138592598,1.116808,2021-01-23,464.618,2300,2450,2900,2021-01-23,117.448,275,420,860
6.88,1.12078,6.138582059,1.120064,2021-01-21,486.136,2300,2450,2900,2021-01-21,122.84,275,420,860
6.9,1.12403,6.138626193,1.12332,2021-01-19,508.073,2300,2450,2900,2021-01-19,128.334,275,420,860
6.92,1.12728,6.138670073,1.126576,2021-01-17,530.431,2300,2450,2900,2021-01-17,133.928,275,420,860
6.94,1.13054,6.138659402,1.129832,2021-01-15,553.182,2300,2450,2900,2021-01-15,139.616,275,420,860
6.96,1.13379,6.138702934,1.133088,2021-01-13,576.327,2300,2450,2900,2021-01-13,145.399,275,420,860
6.98,1.13704,6.138746218,1.136344,2021-01-11,599.853,2300,2450,2900,2021-01-11,151.272,275,420,860
7,1.1403,6.138735421,1.1396,2021-01-10,623.764,2300,2450,2900,2021-01-10,157.237,275,420,860
7.02,1.14355,6.138778366,1.142856,2021-01-08,648.051,2300,2450,2900,2021-01-08,163.29,275,420,860
7.04,1.1468,6.138821067,1.146112,2021-01-06,672.689,2300,2450,2900,2021-01-06,169.425,275,420,860
7.06,1.15006,6.138810149,1.149368,2021-01-04,697.662,2300,2450,2900,2021-01-04,175.64,275,420,860
7.08,1.15331,6.13885252,1.152624,2021-01-03,723.007,2300,2450,2900,2021-01-03,181.941,275,420,860
7.1,1.15656,6.138894653,1.15588,2021-01-01,748.679,2300,2450,2900,2021-01-01,188.318,275,420,860
7.12,1.15982,6.13888362,1.159136,2020-12-30,774.648,2300,2450,2900,2020-12-30,194.765,275,420,860
7.14,1.16307,6.13892543,1.162392,2020-12-29,800.993,2300,2450,2900,2020-12-29,201.297,275,420,860
7.16,1.16632,6.138967007,1.165648,2020-12-27,827.599,2300,2450,2900,2020-12-27,207.891,275,420,860
7.18,1.16958,6.138955864,1.168904,2020-12-26,854.541,2300,2450,2900,2020-12-26,214.558,275,420,860
7.2,1.17283,6.138997127,1.17216,2020-12-24,881.762,2300,2450,2900,2020-12-24,221.294,275,420,860
7.22,1.17609,6.138985962,1.175416,2020-12-23,909.291,2300,2450,2900,2020-12-23,228.094,275,420,860
7.24,1.17934,6.139026913,1.178672,2020-12-21,937.072,2300,2450,2900,2020-12-21,234.958,275,420,860
7.26,1.18259,6.13906764,1.181928,2020-12-20,965.179,2300,2450,2900,2020-12-20,241.889,275,420,860
7.28,1.18585,6.139056373,1.185184,2020-12-18,993.481,2300,2450,2900,2020-12-18,248.865,275,420,860
7.3,1.1891,6.139096796,1.18844,2020-12-17,1022.12,2300,2450,2900,2020-12-17,255.919,275,420,860
7.32,1.19235,6.139136998,1.191696,2020-12-16,1050.98,2300,2450,2900,2020-12-16,263.016,275,420,860
7.34,1.19561,6.139125635,1.194952,2020-12-14,1080.06,2300,2450,2900,2020-12-14,270.171,275,420,860
7.36,1.19886,6.139165541,1.198208,2020-12-13,1109.45,2300,2450,2900,2020-12-13,277.387,275,420,860
7.38,1.20211,6.139205231,1.201464,2020-12-12,1139.04,2300,2450,2900,2020-12-12,284.642,275,420,860
7.4,1.20537,6.139193775,1.20472,2020-12-11,1168.83,2300,2450,2900,2020-12-11,291.94,275,420,860
7.42,1.20862,6.139233175,1.207976,2020-12-09,1198.84,2300,2450,2900,2020-12-09,299.309,275,420,860
7.44,1.21187,6.139272364,1.211232,2020-12-08,1229.13,2300,2450,2900,2020-12-08,306.715,275,420,860
7.46,1.21513,6.13926082,1.214488,2020-12-07,1259.62,2300,2450,2900,2020-12-07,314.164,275,420,860
7.48,1.21838,6.139299726,1.217744,2020-12-06,1290.3,2300,2450,2900,2020-12-06,321.651,275,420,860
7.5,1.22163,6.139338425,1.221,2020-12-05,1321.15,2300,2450,2900,2020-12-05,329.173,275,420,860
7.52,1.22489,6.139326797,1.224256,2020-12-03,1352.2,2300,2450,2900,2020-12-03,336.751,275,420,860
7.54,1.22814,6.139365219,1.227512,2020-12-02,1383.42,2300,2450,2900,2020-12-02,344.368,275,420,860
7.56,1.23139,6.139403438,1.230768,2020-12-01,1414.84,2300,2450,2900,2020-12-01,352.024,275,420,860
7.58,1.23465,6.13939173,1.234024,2020-11-30,1446.47,2300,2450,2900,2020-11-30,359.711,275,420,860
7.6,1.2379,6.139429679,1.23728,2020-11-29,1478.26,2300,2450,2900,2020-11-29,367.433,275,420,860
7.62,1.24116,6.139417964,1.240536,2020-11-28,1510.22,2300,2450,2900,2020-11-28,375.186,275,420,860
7.64,1.24441,6.139455646,1.243792,2020-11-27,1542.34,2300,2450,2900,2020-11-27,382.972,275,420,860
7.66,1.24766,6.139493131,1.247048,2020-11-26,1574.59,2300,2450,2900,2020-11-26,390.786,275,420,860
7.68,1.25092,6.139481342,1.250304,2020-11-25,1607.01,2300,2450,2900,2020-11-25,398.633,275,420,860
7.7,1.25417,6.139518566,1.25356,2020-11-24,1639.55,2300,2450,2900,2020-11-24,406.506,275,420,860
7.72,1.25742,6.139555598,1.256816,2020-11-23,1672.23,2300,2450,2900,2020-11-23,414.405,275,420,860
7.74,1.26068,6.139543738,1.260072,2020-11-22,1705.08,2300,2450,2900,2020-11-22,422.328,275,420,860
7.76,1.26393,6.139580515,1.263328,2020-11-21,1738.09,2300,2450,2900,2020-11-21,430.274,275,420,860
7.78,1.26718,6.139617103,1.266584,2020-11-20,1771.23,2300,2450,2900,2020-11-20,438.239,275,420,860
7.8,1.27044,6.139605176,1.26984,2020-11-19,1804.49,2300,2450,2900,2020-11-19,446.224,275,420,860
7.82,1.27369,6.139641514,1.273096,2020-11-19,1837.85,2300,2450,2900,2020-11-19,454.238,275,420,860
7.84,1.27694,6.139677667,1.276352,2020-11-18,1871.3,2300,2450,2900,2020-11-18,462.29,275,420,860
7.86,1.2802,6.139665677,1.279608,2020-11-17,1904.84,2300,2450,2900,2020-11-17,470.358,275,420,860
7.88,1.28345,6.139701586,1.282864,2020-11-16,1938.42,2300,2450,2900,2020-11-16,478.435,275,420,860
7.9,1.2867,6.139737313,1.28612,2020-11-15,1972.23,2300,2450,2900,2020-11-15,486.521,275,420,860
7.92,1.28996,6.139725263,1.289376,2020-11-14,2006.19,2300,2450,2900,2020-11-14,494.611,275,420,860
7.94,1.29321,6.13976075,1.292632,2020-11-14,2040.19,2300,2450,2900,2020-11-14,502.716,275,420,860
7.96,1.29646,6.13979606,1.295888,2020-11-13,2074.2,2300,2450,2900,2020-11-13,510.878,275,420,860
7.98,1.29972,6.139783953,1.299144,2020-11-12,2108.21,2300,2450,2900,2020-11-12,519.038,275,420,860
8,1.30297,6.139819029,1.3024,2020-11-11,2142.55,2300,2450,2900,2020-11-11,527.191,275,420,860
8.02,1.30622,6.13985393,1.305656,2020-11-10,2176.94,2300,2450,2900,2020-11-10,535.329,275,420,860
8.04,1.30948,6.139841769,1.308912,2020-11-10,2211.27,2300,2450,2900,2020-11-10,543.534,275,420,860
8.06,1.31273,6.139876441,1.312168,2020-11-09,2245.54,2300,2450,2900,2020-11-09,551.747,275,420,860
8.08,1.31598,6.139910941,1.315424,2020-11-08,2280.26,2300,2450,2900,2020-11-08,559.935,275,420,860
8.1,1.31924,6.13989873,1.31868,2020-11-08,2314.9,2300,2450,2900,2020-11-08,568.105,275,420,860
8.12,1.32249,6.139933005,1.321936,2020-11-07,2349.4,2300,2450,2900,2020-11-07,576.366,275,420,860
8.14,1.32574,6.139967113,1.325192,2020-11-06,2384.16,2300,2450,2900,2020-11-06,584.592,275,420,860
8.16,1.329,6.139954853,1.328448,2020-11-05,2419.04,2300,2450,2900,2020-11-05,592.773,275,420,860
8.18,1.33225,6.139988741,1.331704,2020-11-05,2453.71,2300,2450,2900,2020-11-05,601.044,275,420,860
8.2,1.3355,6.140022463,1.33496,2020-11-04,2488.61,2300,2450,2900,2020-11-04,609.292,275,420,860
8.22,1.33876,6.140010159,1.338216,2020-11-03,2523.64,2300,2450,2900,2020-11-03,617.479,275,420,860
8.24,1.34201,6.140043666,1.341472,2020-11-03,2558.39,2300,2450,2900,2020-11-03,625.768,275,420,860
8.26,1.34526,6.140077011,1.344728,2020-11-02,2593.53,2300,2450,2900,2020-11-02,634.017,275,420,860
8.28,1.34852,6.140064663,1.347984,2020-11-02,2628.6,2300,2450,2900,2020-11-02,642.203,275,420,860
8.3,1.35177,6.140097798,1.35124,2020-11-01,2663.4,2300,2450,2900,2020-11-01,650.515,275,420,860
8.32,1.35503,6.140085459,1.354496,2020-10-31,2698.8,2300,2450,2900,2020-10-31,658.738,275,420,860
8.34,1.35828,6.140118385,1.357752,2020-10-31,2733.77,2300,2450,2900,2020-10-31,666.981,275,420,860
8.36,1.36153,6.140151153,1.361008,2020-10-30,2769,2300,2450,2900,2020-10-30,675.257,275,420,860
8.38,1.36479,6.140138776,1.364264,2020-10-29,2804.24,2300,2450,2900,2020-10-29,683.418,275,420,860
8.4,1.36804,6.14017134,1.36752,2020-10-29,2839.21,2300,2450,2900,2020-10-29,691.743,275,420,860
8.42,1.37129,6.14020375,1.370776,2020-10-28,2874.71,2300,2450,2900,2020-10-28,699.943,275,420,860
8.44,1.37455,6.140191335,1.374032,2020-10-28,2909.6,2300,2450,2900,2020-10-28,708.2,275,420,860
8.46,1.3778,6.140223545,1.377288,2020-10-27,2945.19,2300,2450,2900,2020-10-27,716.436,275,420,860
8.48,1.38105,6.140255603,1.380544,2020-10-27,2980.24,2300,2450,2900,2020-10-27,724.632,275,420,860
8.5,1.38431,6.140243154,1.3838,2020-10-26,3015.68,2300,2450,2900,2020-10-26,732.896,275,420,860
8.52,1.38756,6.140275015,1.387056,2020-10-26,3050.88,2300,2450,2900,2020-10-26,741.041,275,420,860
8.54,1.39081,6.140306728,1.390312,2020-10-25,3086.2,2300,2450,2900,2020-10-25,749.328,275,420,860
8.56,1.39407,6.140294246,1.393568,2020-10-25,3121.5,2300,2450,2900,2020-10-25,757.427,275,420,860
8.58,1.39732,6.140325766,1.396824,2020-10-24,3156.74,2300,2450,2900,2020-10-24,765.73,275,420,860
8.6,1.40057,6.14035714,1.40008,2020-10-23,3192.09,2300,2450,2900,2020-10-23,773.824,275,420,860
8.62,1.40383,6.140344629,1.403336,2020-10-23,3227.3,2300,2450,2900,2020-10-23,782.102,275,420,860
8.64,1.40708,6.140375814,1.406592,2020-10-22,3262.66,2300,2450,2900,2020-10-22,790.181,275,420,860
8.66,1.41033,6.140406855,1.409848,2020-10-22,3297.87,2300,2450,2900,2020-10-22,798.441,275,420,860
8.68,1.41359,6.140394315,1.413104,2020-10-21,3333.17,2300,2450,2900,2020-10-21,806.493,275,420,860
8.7,1.41684,6.140425172,1.41636,2020-10-21,3368.43,2300,2450,2900,2020-10-21,814.744,275,420,860
8.72,1.42009,6.140455887,1.419616,2020-10-20,3403.6,2300,2450,2900,2020-10-20,822.756,275,420,860
8.74,1.42335,6.14044332,1.422872,2020-10-20,3438.95,2300,2450,2900,2020-10-20,831.007,275,420,860
8.76,1.4266,6.140473854,1.426128,2020-10-20,3473.92,2300,2450,2900,2020-10-20,839.02,275,420,860
8.78,1.42985,6.140504249,1.429384,2020-10-19,3509.4,2300,2450,2900,2020-10-19,847.223,275,420,860
8.8,1.43311,6.140491658,1.43264,2020-10-19,3544.07,2300,2450,2900,2020-10-19,855.248,275,420,860
8.82,1.43636,6.140521875,1.435896,2020-10-18,3579.75,2300,2450,2900,2020-10-18,863.385,275,420,860
8.84,1.43961,6.140551955,1.439152,2020-10-18,3614.37,2300,2450,2900,2020-10-18,871.429,275,420,860
8.86,1.44287,6.140539342,1.442408,2020-10-17,3649.94,2300,2450,2900,2020-10-17,879.482,275,420,860
8.88,1.44612,6.140569247,1.445664,2020-10-17,3684.81,2300,2450,2900,2020-10-17,887.561,275,420,860
8.9,1.44937,6.140599019,1.44892,2020-10-16,3719.91,2300,2450,2900,2020-10-16,895.503,275,420,860
8.92,1.45263,6.140586385,1.452176,2020-10-16,3755.07,2300,2450,2900,2020-10-16,903.625,275,420,860
8.94,1.45588,6.140615985,1.455432,2020-10-16,3789.58,2300,2450,2900,2020-10-16,911.508,275,420,860
8.96,1.45913,6.140645453,1.458688,2020-10-15,3825.09,2300,2450,2900,2020-10-15,919.607,275,420,860
8.98,1.46238,6.14067479,1.461944,2020-10-15,3859.54,2300,2450,2900,2020-10-15,927.548,275,420,860
9,1.46564,6.1406621,1.4652,2020-10-14,3894.78,2300,2450,2900,2020-10-14,935.494,275,420,860
9.02,1.46889,6.14069127,1.468456,2020-10-14,3929.63,2300,2450,2900,2020-10-14,943.501,275,420,860
9.04,1.47214,6.140720312,1.471712,2020-10-14,3964.05,2300,2450,2900,2020-10-14,951.274,275,420,860
9.06,1.4754,6.140707605,1.474968,2020-10-13,3999.35,2300,2450,2900,2020-10-13,959.348,275,420,860
9.08,1.47865,6.140736483,1.478224,2020-10-13,4033.62,2300,2450,2900,2020-10-13,967.201,275,420,860
9.1,1.4819,6.140765234,1.48148,2020-10-12,4068.59,2300,2450,2900,2020-10-12,975.07,275,420,860
9.12,1.48516,6.140752512,1.484736,2020-10-12,4103.37,2300,2450,2900,2020-10-12,983.011,275,420,860
9.14,1.48841,6.140781102,1.487992,2020-10-12,4137.22,2300,2450,2900,2020-10-12,990.722,275,420,860
9.16,1.49166,6.140809568,1.491248,2020-10-11,4172.58,2300,2450,2900,2020-10-11,998.683,275,420,860
9.18,1.49492,6.140796832,1.494504,2020-10-11,4206.91,2300,2450,2900,2020-10-11,1006.5,275,420,860
9.2,1.49817,6.14082514,1.49776,2020-10-10,4241.09,2300,2450,2900,2020-10-10,1014.19,275,420,860
9.22,1.50142,6.140853326,1.501016,2020-10-10,4276.05,2300,2450,2900,2020-10-10,1022.12,275,420,860
9.24,1.50468,6.140840577,1.504272,2020-10-10,4309.99,2300,2450,2900,2020-10-10,1029.82,275,420,860
9.26,1.50793,6.140868608,1.507528,2020-10-09,4344.39,2300,2450,2900,2020-10-09,1037.55,275,420,860
9.28,1.51118,6.140896518,1.510784,2020-10-09,4379.03,2300,2450,2900,2020-10-09,1045.38,275,420,860
9.3,1.51444,6.140883759,1.51404,2020-10-09,4412.65,2300,2450,2900,2020-10-09,1052.98,275,420,860
9.32,1.51769,6.140911517,1.517296,2020-10-08,4447.15,2300,2450,2900,2020-10-08,1060.73,275,420,860
9.34,1.52094,6.140939156,1.520552,2020-10-08,4481.53,2300,2450,2900,2020-10-08,1068.48,275,420,860
9.36,1.5242,6.140926388,1.523808,2020-10-08,4514.9,2300,2450,2900,2020-10-08,1076,275,420,860
9.38,1.52745,6.140953877,1.527064,2020-10-07,4549.35,2300,2450,2900,2020-10-07,1083.73,275,420,860
9.4,1.5307,6.14098125,1.53032,2020-10-07,4583.56,2300,2450,2900,2020-10-07,1091.41,275,420,860
9.42,1.53396,6.140968474,1.533576,2020-10-07,4616.76,2300,2450,2900,2020-10-07,1098.87,275,420,860
9.44,1.53721,6.1409957,1.536832,2020-10-06,4650.99,2300,2450,2900,2020-10-06,1106.55,275,420,860
9.46,1.54046,6.141022811,1.540088,2020-10-06,4685.09,2300,2450,2900,2020-10-06,1114.18,275,420,860
9.48,1.54372,6.141010028,1.543344,2020-10-06,4718.19,2300,2450,2900,2020-10-06,1121.59,275,420,860
9.5,1.54697,6.141036995,1.5466,2020-10-05,4752.01,2300,2450,2900,2020-10-05,1129.19,275,420,860
9.52,1.55022,6.141063849,1.549856,2020-10-05,4786.08,2300,2450,2900,2020-10-05,1136.78,275,420,860
9.54,1.55348,6.14105106,1.553112,2020-10-05,4819.16,2300,2450,2900,2020-10-05,1144.16,275,420,860
9.56,1.55673,6.141077772,1.556368,2020-10-04,4852.36,2300,2450,2900,2020-10-04,1151.64,275,420,860
9.58,1.55998,6.141104373,1.559624,2020-10-04,4886.47,2300,2450,2900,2020-10-04,1159.21,275,420,860
9.6,1.56324,6.141091579,1.56288,2020-10-04,4919.61,2300,2450,2900,2020-10-04,1166.56,275,420,860
9.62,1.56649,6.141118041,1.566136,2020-10-03,4951.94,2300,2450,2900,2020-10-03,1173.87,275,420,860
9.64,1.56974,6.141144393,1.569392,2020-10-03,4986.18,2300,2450,2900,2020-10-03,1181.44,275,420,860
9.66,1.573,6.141131596,1.572648,2020-10-03,5019.45,2300,2450,2900,2020-10-03,1188.79,275,420,860
9.68,1.57625,6.141157811,1.575904,2020-10-03,5051.76,2300,2450,2900,2020-10-03,1195.94,275,420,860
9.7,1.5795,6.141183919,1.57916,2020-10-02,5085.08,2300,2450,2900,2020-10-02,1203.46,275,420,860
9.72,1.58275,6.141209919,1.582416,2020-10-02,5118.57,2300,2450,2900,2020-10-02,1210.83,275,420,860
9.74,1.58601,6.141197092,1.585672,2020-10-02,5151.1,2300,2450,2900,2020-10-02,1217.99,275,420,860
9.76,1.58926,6.141222959,1.588928,2020-10-01,5183.05,2300,2450,2900,2020-10-01,1225.25,275,420,860
9.78,1.59251,6.141248721,1.592184,2020-10-01,5216.83,2300,2450,2900,2020-10-01,1232.65,275,420,860
9.8,1.59577,6.141235892,1.59544,2020-10-01,5249.66,2300,2450,2900,2020-10-01,1239.84,275,420,860
9.82,1.59902,6.141261523,1.598696,2020-10-01,5281.55,2300,2450,2900,2020-10-01,1246.84,275,420,860
9.84,1.60227,6.141287049,1.601952,2020-09-30,5314.05,2300,2450,2900,2020-09-30,1254.22,275,420,860
9.86,1.60553,6.141274221,1.605208,2020-09-30,5347.27,2300,2450,2900,2020-09-30,1261.46,275,420,860
9.88,1.60878,6.141299618,1.608464,2020-09-30,5379.55,2300,2450,2900,2020-09-30,1268.51,275,420,860
9.9,1.61203,6.141324913,1.61172,2020-09-29,5410.9,2300,2450,2900,2020-09-29,1275.51,275,420,860
9.92,1.61529,6.141312086,1.614976,2020-09-29,5443.72,2300,2450,2900,2020-09-29,1282.82,275,420,860
9.94,1.61854,6.141337255,1.618232,2020-09-29,5476.47,2300,2450,2900,2020-09-29,1289.93,275,420,860
9.96,1.62179,6.141362322,1.621488,2020-09-29,5508.31,2300,2450,2900,2020-09-29,1296.85,275,420,860
9.98,1.62505,6.141349497,1.624744,2020-09-28,5539.22,2300,2450,2900,2020-09-28,1303.87,275,420,860
10,1.6283,6.14137444,1.628,2020-09-28,5572.07,2300,2450,2900,2020-09-28,1311.06,275,420,860
10.02,1.63155,6.141399283,1.631256,2020-09-28,5604.47,2300,2450,2900,2020-09-28,1318.06,275,420,860
10.04,1.63481,6.141386461,1.634512,2020-09-28,5635.96,2300,2450,2900,2020-09-28,1324.87,275,420,860
10.06,1.63806,6.141411182,1.637768,2020-09-27,5666.54,2300,2450,2900,2020-09-27,1331.85,275,420,860
10.08,1.64131,6.141435804,1.641024,2020-09-27,5699.13,2300,2450,2900,2020-09-27,1338.95,275,420,860
10.1,1.64456,6.14146033,1.64428,2020-09-27,5731.27,2300,2450,2900,2020-09-27,1345.86,275,420,860
10.12,1.64782,6.141447488,1.647536,2020-09-27,5762.52,2300,2450,2900,2020-09-27,1352.59,275,420,860
10.14,1.65107,6.141471894,1.650792,2020-09-26,5792.87,2300,2450,2900,2020-09-26,1359.46,275,420,860
10.16,1.65432,6.141496204,1.654048,2020-09-26,5824.84,2300,2450,2900,2020-09-26,1366.49,275,420,860
10.18,1.65758,6.141483367,1.657304,2020-09-26,5856.82,2300,2450,2900,2020-09-26,1373.34,275,420,860
10.2,1.66083,6.141507559,1.66056,2020-09-26,5887.94,2300,2450,2900,2020-09-26,1380,275,420,860
10.22,1.66408,6.141531657,1.663816,2020-09-25,5918.17,2300,2450,2900,2020-09-25,1386.7,275,420,860
10.24,1.66734,6.141518826,1.667072,2020-09-25,5949.11,2300,2450,2900,2020-09-25,1393.68,275,420,860
10.26,1.67059,6.141542808,1.670328,2020-09-25,5981.04,2300,2450,2900,2020-09-25,1400.48,275,420,860
10.28,1.67384,6.141566697,1.673584,2020-09-25,6012.12,2300,2450,2900,2020-09-25,1407.09,275,420,860
10.3,1.6771,6.141553873,1.67684,2020-09-24,6042.33,2300,2450,2900,2020-09-24,1413.54,275,420,860
10.32,1.68035,6.141577648,1.680096,2020-09-24,6071.82,2300,2450,2900,2020-09-24,1420.49,275,420,860
10.34,1.6836,6.14160133,1.683352,2020-09-24,6103.81,2300,2450,2900,2020-09-24,1427.26,275,420,860
10.36,1.68686,6.141588514,1.686608,2020-09-24,6134.95,2300,2450,2900,2020-09-24,1433.85,275,420,860
10.38,1.69011,6.141612084,1.689864,2020-09-24,6165.25,2300,2450,2900,2020-09-24,1440.27,275,420,860
10.4,1.69336,6.141635565,1.69312,2020-09-23,6194.7,2300,2450,2900,2020-09-23,1446.9,275,420,860
10.42,1.69661,6.141658955,1.696376,2020-09-23,6224.94,2300,2450,2900,2020-09-23,1453.66,275,420,860
10.44,1.69987,6.141646126,1.699632,2020-09-23,6256.25,2300,2450,2900,2020-09-23,1460.26,275,420,860
10.46,1.70312,6.141669407,1.702888,2020-09-23,6286.72,2300,2450,2900,2020-09-23,1466.67,275,420,860
10.48,1.70637,6.141692599,1.706144,2020-09-23,6316.37,2300,2450,2900,2020-09-23,1472.92,275,420,860
10.5,1.70963,6.141679779,1.7094,2020-09-22,6345.18,2300,2450,2900,2020-09-22,1479.65,275,420,860
10.52,1.71288,6.141702863,1.712656,2020-09-22,6375.77,2300,2450,2900,2020-09-22,1486.26,275,420,860
10.54,1.71613,6.14172586,1.715912,2020-09-22,6406.53,2300,2450,2900,2020-09-22,1492.7,275,420,860
10.56,1.71939,6.141713049,1.719168,2020-09-22,6436.48,2300,2450,2900,2020-09-22,1498.97,275,420,860
10.58,1.72264,6.14173594,1.722424,2020-09-21,6465.61,2300,2450,2900,2020-09-21,1505.19,275,420,860
10.6,1.72589,6.141758745,1.72568,2020-09-21,6493.93,2300,2450,2900,2020-09-21,1511.83,275,420,860
10.62,1.72915,6.141745945,1.728936,2020-09-21,6524.38,2300,2450,2900,2020-09-21,1518.31,275,420,860
10.64,1.7324,6.141768645,1.732192,2020-09-21,6554.72,2300,2450,2900,2020-09-21,1524.63,275,420,860
10.66,1.73565,6.14179126,1.735448,2020-09-21,6584.26,2300,2450,2900,2020-09-21,1530.78,275,420,860
10.68,1.7389,6.14181379,1.738704,2020-09-20,6613.01,2300,2450,2900,2020-09-20,1536.91,275,420,860
10.7,1.74216,6.141800983,1.74196,2020-09-20,6640.96,2300,2450,2900,2020-09-20,1543.45,275,420,860
10.72,1.74541,6.141823411,1.745216,2020-09-20,6670.75,2300,2450,2900,2020-09-20,1549.82,275,420,860
10.74,1.74866,6.141845756,1.748472,2020-09-20,6700.8,2300,2450,2900,2020-09-20,1556.04,275,420,860
10.76,1.75192,6.14183296,1.751728,2020-09-20,6730.07,2300,2450,2900,2020-09-20,1562.09,275,420,860
10.78,1.75517,6.141855205,1.754984,2020-09-19,6758.56,2300,2450,2900,2020-09-19,1568.04,275,420,860
10.8,1.75842,6.141877367,1.75824,2020-09-19,6786.28,2300,2450,2900,2020-09-19,1574.5,275,420,860
10.82,1.76168,6.141864584,1.761496,2020-09-19,6814.81,2300,2450,2900,2020-09-19,1580.8,275,420,860
10.84,1.76493,6.141886647,1.764752,2020-09-19,6844.7,2300,2450,2900,2020-09-19,1586.94,275,420,860
10.86,1.76818,6.141908629,1.768008,2020-09-19,6873.82,2300,2450,2900,2020-09-19,1592.92,275,420,860
10.88,1.77143,6.141930531,1.771264,2020-09-19,6902.19,2300,2450,2900,2020-09-19,1598.75,275,420,860
10.9,1.77469,6.141917743,1.77452,2020-09-18,6929.79,2300,2450,2900,2020-09-18,1604.97,275,420,860
10.92,1.77794,6.141939548,1.777776,2020-09-18,6956.63,2300,2450,2900,2020-09-18,1611.22,275,420,860
10.94,1.78119,6.141961273,1.781032,2020-09-18,6986.27,2300,2450,2900,2020-09-18,1617.31,275,420,860
10.96,1.78445,6.1419485,1.784288,2020-09-18,7015.36,2300,2450,2900,2020-09-18,1623.25,275,420,860
10.98,1.7877,6.141970129,1.787544,2020-09-18,7043.71,2300,2450,2900,2020-09-18,1629.04,275,420,860
11,1.79095,6.14199168,1.7908,2020-09-17,7071.32,2300,2450,2900,2020-09-17,1634.85,275,420,860
11.02,1.79421,6.141978921,1.794056,2020-09-17,7098.19,2300,2450,2900,2020-09-17,1641.06,275,420,860
11.04,1.79746,6.142000378,1.797312,2020-09-17,7125.25,2300,2450,2900,2020-09-17,1647.13,275,420,860
11.06,1.80071,6.142021758,1.800568,2020-09-17,7154.45,2300,2450,2900,2020-09-17,1653.05,275,420,860
11.08,1.80396,6.142043061,1.803824,2020-09-17,7182.92,2300,2450,2900,2020-09-17,1658.82,275,420,860
11.1,1.80722,6.142030301,1.80708,2020-09-17,7210.66,2300,2450,2900,2020-09-17,1664.45,275,420,860
11.12,1.81047,6.142051511,1.810336,2020-09-16,7237.68,2300,2450,2900,2020-09-16,1670.29,275,420,860
11.14,1.81372,6.142072646,1.813592,2020-09-16,7263.98,2300,2450,2900,2020-09-16,1676.35,275,420,860
11.16,1.81698,6.142059902,1.816848,2020-09-16,7290.79,2300,2450,2900,2020-09-16,1682.28,275,420,860
11.18,1.82023,6.142080946,1.820104,2020-09-16,7319.49,2300,2450,2900,2020-09-16,1688.05,275,420,860
11.2,1.82348,6.142101915,1.82336,2020-09-16,7347.48,2300,2450,2900,2020-09-16,1693.69,275,420,860
11.22,1.82674,6.142089186,1.826616,2020-09-16,7374.77,2300,2450,2900,2020-09-16,1699.19,275,420,860
11.24,1.82999,6.142110066,1.829872,2020-09-15,7401.35,2300,2450,2900,2020-09-15,1704.93,275,420,860
11.26,1.83324,6.142130872,1.833128,2020-09-15,7427.23,2300,2450,2900,2020-09-15,1710.87,275,420,860
11.28,1.83649,6.142151604,1.836384,2020-09-15,7453.03,2300,2450,2900,2020-09-15,1716.68,275,420,860
11.3,1.83975,6.142138878,1.83964,2020-09-15,7481.38,2300,2450,2900,2020-09-15,1722.35,275,420,860
11.32,1.843,6.142159523,1.842896,2020-09-15,7509.04,2300,2450,2900,2020-09-15,1727.88,275,420,860
11.34,1.84625,6.142180095,1.846152,2020-09-15,7536.02,2300,2450,2900,2020-09-15,1733.27,275,420,860
11.36,1.84951,6.142167385,1.849408,2020-09-14,7562.32,2300,2450,2900,2020-09-14,1738.77,275,420,860
11.38,1.85276,6.142187871,1.852664,2020-09-14,7587.93,2300,2450,2900,2020-09-14,1744.62,275,420,860
11.4,1.85601,6.142208286,1.85592,2020-09-14,7612.86,2300,2450,2900,2020-09-14,1750.34,275,420,860
11.42,1.85927,6.142195593,1.859176,2020-09-14,7640.01,2300,2450,2900,2020-09-14,1755.93,275,420,860
11.44,1.86252,6.142215923,1.862432,2020-09-14,7667.49,2300,2450,2900,2020-09-14,1761.38,275,420,860
11.46,1.86577,6.142236181,1.865688,2020-09-14,7694.31,2300,2450,2900,2020-09-14,1766.7,275,420,860
11.48,1.86902,6.14225637,1.868944,2020-09-14,7720.46,2300,2450,2900,2020-09-14,1771.89,275,420,860
11.5,1.87228,6.142243682,1.8722,2020-09-13,7745.94,2300,2450,2900,2020-09-13,1777.59,275,420,860
11.52,1.87553,6.142263787,1.875456,2020-09-13,7770.77,2300,2450,2900,2020-09-13,1783.25,275,420,860
11.54,1.87878,6.142283822,1.878712,2020-09-13,7795.18,2300,2450,2900,2020-09-13,1788.78,275,420,860
11.56,1.88204,6.142271153,1.881968,2020-09-13,7822.61,2300,2450,2900,2020-09-13,1794.18,275,420,860
11.58,1.88529,6.142291106,1.885224,2020-09-13,7849.4,2300,2450,2900,2020-09-13,1799.46,275,420,860
11.6,1.88854,6.142310992,1.88848,2020-09-13,7875.55,2300,2450,2900,2020-09-13,1804.6,275,420,860
11.62,1.89179,6.142330808,1.891736,2020-09-12,7901.04,2300,2450,2900,2020-09-12,1809.74,275,420,860
11.64,1.89505,6.142318145,1.894992,2020-09-12,7925.9,2300,2450,2900,2020-09-12,1815.37,275,420,860
11.66,1.8983,6.142337881,1.898248,2020-09-12,7950.13,2300,2450,2900,2020-09-12,1820.87,275,420,860
11.68,1.90155,6.14235755,1.901504,2020-09-12,7974.09,2300,2450,2900,2020-09-12,1826.25,275,420,860
11.7,1.90481,6.142344906,1.90476,2020-09-12,8000.98,2300,2450,2900,2020-09-12,1831.5,275,420,860
11.72,1.90806,6.142364496,1.908016,2020-09-12,8027.25,2300,2450,2900,2020-09-12,1836.63,275,420,860
11.74,1.91131,6.142384019,1.911272,2020-09-12,8052.9,2300,2450,2900,2020-09-12,1841.64,275,420,860
11.76,1.91456,6.142403477,1.914528,2020-09-11,8077.93,2300,2450,2900,2020-09-11,1846.64,275,420,860
11.78,1.91782,6.14239084,1.917784,2020-09-11,8102.33,2300,2450,2900,2020-09-11,1852.14,275,420,860
11.8,1.92107,6.142410219,1.92104,2020-09-11,8126.12,2300,2450,2900,2020-09-11,1857.52,275,420,860
11.82,1.92432,6.142429534,1.924296,2020-09-11,8149.29,2300,2450,2900,2020-09-11,1862.78,275,420,860
11.84,1.92758,6.142416917,1.927552,2020-09-11,8175.13,2300,2450,2900,2020-09-11,1867.92,275,420,860
11.86,1.93083,6.142436154,1.930808,2020-09-11,8201.05,2300,2450,2900,2020-09-11,1872.94,275,420,860
11.88,1.93408,6.142455328,1.934064,2020-09-11,8226.36,2300,2450,2900,2020-09-11,1877.84,275,420,860
11.9,1.93734,6.142442731,1.93732,2020-09-11,8251.08,2300,2450,2900,2020-09-11,1882.62,275,420,860
11.92,1.94059,6.142461829,1.940576,2020-09-10,8275.19,2300,2450,2900,2020-09-10,1887.92,275,420,860
11.94,1.94384,6.142480863,1.943832,2020-09-10,8298.71,2300,2450,2900,2020-09-10,1893.21,275,420,860
11.96,1.94709,6.142499833,1.947088,2020-09-10,8321.63,2300,2450,2900,2020-09-10,1898.38,275,420,860
11.98,1.95035,6.142487246,1.950344,2020-09-10,8344.9,2300,2450,2900,2020-09-10,1903.43,275,420,860
12,1.9536,6.142506143,1.9536,2020-09-10,8370.63,2300,2450,2900,2020-09-10,1908.37,275,420,860
